y,x1,x2,x3,x4,x5,x6,x7,x8,x9,x10,x11,x12,x13,x14,x15,x16,x17,x18,x19,x20
0,0.40355826913118686,1.0284182656499392,-0.9023293501605665,-0.7002533276722561,0.29779231761490077,-2.1177949904611917,1.2169353104985237,-0.6157008219831192,-0.6251215692461823,-0.85003202684671,-0.692240199728931,1.0890043267356297,-0.5110466954352344,0.9075435467871568,-0.1979070613218961,-1.5798473774963109,-0.6773669163989586,-0.0356517349998703,-1.1841713099238866,-0.8709766669729303
0,-0.18656239848007672,0.02890180564136255,0.12058642565703305,1.1100367005153546,0.42134446078940996,-0.23705477071389694,-2.1397906855534807,0.5540715119270426,-0.41333104154463307,-2.0775886777760464,-0.029111219978022945,-0.9042240986208949,-0.2985916407162471,0.5787494509076582,0.04240971757537933,0.5062037984792872,0.1745586556644259,-0.0030803963954317876,1.3505577154040045,-0.6105345744043913
0,0.37101471678633974,1.056929260325853,0.06413040201279606,1.3232131483056366,-0.1711302498135997,0.07196084786362245,1.8345128677023006,-1.2462168335761463,0.7579390282358955,-0.10774667419302104,-0.5501173177086883,0.06894433958266244,0.24723447143736318,0.12077199383289303,-1.8638210069822823,1.0601772878536029,0.19457960895024343,-1.2314978012188926,-0.900871645907642,0.15432554613906524
0,0.7953286309872885,0.31576850215789176,-0.052993826881810015,0.11924762329936221,-0.3820082571549315,-0.9739258393684238,-0.850530937305046,-0.8214050924737547,-2.4558115005256327,1.6241360320085305,0.42925711346790313,0.4237063507196678,0.7064688098368131,-0.07979071688373268,-0.166864001947451,-0.3905383057209212,1.0084084312334478,-0.6962390489911325,-0.2384267916898886,-0.9713016902490749
0,1.4820003742453796,1.1609542728151585,2.466994067875565,0.590933673290174,0.9941351860797845,-1.6830918347911454,-0.1478407713435938,1.4449279031740692,1.013106131481443,1.7708487455093103,0.9993596691009308,-0.8271750462910207,1.5490180306919465,0.9529428067538321,0.046626049352757576,-0.9930601486494981,0.06936762691900411,1.3407268636315266,1.5089156997216027,1.5333508801816966
0,-1.0758923046538567,0.29642039003587456,0.9262141427004585,-1.9353743854216858,-0.15635321570243357,1.3828136460233653,0.5027610147678645,-0.03986262352660431,-0.44134450157672384,-0.8033880597585038,0.7162524735398607,-0.41563663204513107,-1.1710264564422985,0.04893076717161887,-1.2389885835321497,1.6264248806301163,-0.4681931517170284,-1.8425360821232182,-1.4782556765601353,0.10638909823139873
0,-0.4133559022347644,-0.45718264316070084,0.18052236031943117,1.729535222417888,-0.8461078255469767,0.8051848230412554,0.8126211868553628,-0.9930465453271743,0.8662855949067595,0.20156297066907775,-0.5117010950451049,-0.5284700548771498,-1.0205012926259565,0.14449709394938534,-0.408268266349143,-0.14753919570471222,0.4130075372460657,1.249792885386426,0.1466201011921901,0.5824716814356381
0,0.919007998640058,0.06918321776656734,0.3685133896914629,0.502182720115402,-0.3045355826405867,1.299420615557005,-1.252828882570714,-0.4870131516366732,0.8113787355389798,-0.7905808284989315,-0.9319389592326155,1.1784629691131034,1.4927387936223069,1.7424617659364983,-0.6788488937948682,-0.05194135280961666,0.3384599559559106,-0.4855100182190897,-0.1011770374755334,1.407937035566623
0,-0.9810007442932605,-0.23055651190040416,-0.5364543087064294,0.3568868535548576,0.8825036706706715,2.6311589290280097,-1.020648313291187,-0.7179507508392726,-1.0806183973431003,0.8076890808879124,-1.1868297622142945,0.6654319820107785,0.34591085380535547,-0.004149881899436579,-0.26274650807148464,1.8683465700084316,-0.6568547660908851,-0.06478939566281809,0.9169344971179295,-1.63160963318424
0,0.8386938999824621,1.256919345325833,1.725611558356201,0.08921512832216791,0.2204299780470097,0.9191108082785818,-1.7496075013103023,-0.19511417776419562,0.4577909129015407,-0.35734262090864244,0.8076882384129902,0.6974777175274441,0.7829559881344261,-0.18035268193323675,-1.3553341026238293,0.7175341386004936,0.7270655969490081,0.20598784659618483,0.3804857887914918,1.1334246909399384
0,-1.5008466143533064,-0.11808710239063713,-1.5010645942475258,-0.7566680300638723,-1.0882240522070277,0.9868684501940878,0.8596832130382346,-1.3454721733427326,-0.5392722253047677,0.12870500431825022,1.1458365853593815,0.18633282677060975,-0.0967171087268531,0.951697745723721,-1.3310235627612128,-1.7389954919195671,0.9926516786113873,-0.7678105557789106,0.275048373808615,-0.42488900984464373
0,-0.3482797666711368,-1.2418840505630762,0.16426996095276059,0.6509548459812263,1.1621209684807616,0.05516897266886795,0.10982154997481351,-0.39208773449392775,0.020833131000548732,1.563806847786002,-0.16774798354403267,0.47825432960940634,0.4117785130160067,-0.21681514597972978,0.39850954513742826,-0.5164781455431229,0.5053444878246081,0.7012635358474374,0.40740729994750713,0.2686054064617551
0,1.1036158638222453,0.8960785852153464,0.6165616693164601,0.8592053467146077,0.9806098603079726,0.9987894775019861,-1.4850954829768606,-0.3593194108088657,-0.30443635545373876,1.7069446086969464,0.7711871585280471,0.23285945817749484,0.4741924711133536,-2.1671285912595404,1.8633250382223743,-0.9638235197350872,1.9805640477609032,1.1033752875104894,-0.25734276561083497,-0.9630791138522741
0,0.3653643262046827,-0.4418270184994995,-1.4813469192214956,0.7370403675513392,1.3419286188080788,-0.34577351425068314,0.7791988072514265,0.2688072421012415,0.6417390053140081,-0.37462040653329265,-1.1403760648396337,0.27940442432490303,2.0920121546306802,0.7163975854976192,0.23282132511100623,-1.5009798883610252,-0.5664384338628107,-0.4830929472628131,1.1688582774696576,0.765647389562101
0,0.2588831535832862,0.3964187645485308,-0.690565580827446,-0.001961102836359442,-0.7747417355301319,1.8418667923643643,-0.8575192501671021,-0.089004516520633,0.4371469147345802,-1.1217621264566568,-0.8010592012359128,0.4735374016769098,-0.927181287744988,0.04377734400761166,0.20200019235355057,-0.36649707428473144,0.5166927187511813,-0.12118977407204941,0.7276151192697867,-0.7219556913266938
0,0.5616300125291888,0.28828174903835807,0.5994520413134102,-1.0506923511002426,1.082048879886645,-0.2078160239552959,-1.0254977028011334,-1.7161201744783972,-0.8020872538823641,-0.6164528922724996,-2.403843821718196,-0.3215548916984672,0.593148016053689,-0.5400990494856963,-0.508129352841917,0.4723637552290666,1.6117711827260317,1.1177337941084649,0.10194848484826911,-1.3187877614507282
0,-1.3295138453141422,0.03631078310800001,-1.0326914039860666,0.358466108040713,-0.5782556456376092,0.7908643488336146,0.5135652167596108,1.797839954528735,0.06370198202458577,-0.9637644916852688,-0.7683546286749849,0.3237214052060703,-1.7866658091378762,2.1257505051918537,-0.9582535085715352,0.18576285015102253,-1.332745178336582,-0.6074759032631387,-0.6682139317616983,1.8582308733016175
0,0.517998850016458,0.7889663147848988,0.307639025351568,0.2185354506559089,0.3356319271382853,-0.8971946719709503,0.5764174453532956,-0.5708020500502241,1.7779433108808298,-0.28422077356380004,-0.44058932055365657,-1.009539594575716,0.5218204913215662,-0.15523054607537765,0.3182467739990701,0.3174214574369062,0.7297092540907364,0.554213971841151,0.07472820500639629,-0.1780014009465231
0,0.6397913601379197,-0.998727063810667,0.8502595012309971,1.2904780516135006,0.3170221080663167,-0.06604115474974945,1.111496507451477,-0.17855397396860045,2.0462497418815597,-0.8538946893278208,-0.8070994697391636,0.7843499742404115,0.4269423604000659,-0.6395185741881111,0.7795513666448065,-0.4403681850326244,1.824668946260315,1.0976112958891815,-0.6016270415468332,0.7030192044688311
0,0.407743153652115,0.26557059340675815,0.39232976178332357,-0.057762906404963184,-0.6623739065860791,3.517192873894673,1.2298413862374362,1.1672428513975202,0.6025310600786876,-0.43459487192023044,-0.3457253132872141,-1.126182906990612,-0.2750884845807809,-0.22262261284617743,0.21972918088895502,2.1475930880802654,-1.2785897305809777,-0.5527218362370223,0.3847488512918639,-0.16773246275138207
0,0.38943752206629706,-0.4774348143738777,-0.44246125719243207,1.0592754270604574,-0.4903224400725547,-0.6033519633141207,-1.1033006957877984,-0.7289214936444564,0.17129532440184372,-1.4839618082339454,-0.8996116377733877,0.8654397770439689,-1.8805661283077695,-1.9870660832303806,-1.4848422891395576,0.20638656018255394,-0.05570280469285243,-0.7225500930862666,-1.2669668112148886,-0.07171856221760346
0,-0.4955696992599706,1.6633841506564544,0.7203859389561225,-1.049480079722828,1.5139884135565351,-0.42298017677615163,1.580836523954265,1.986269140532667,0.18722073808388615,0.1768907630959834,-0.28743927408085856,0.40131065037717184,-0.3755812256845442,0.13695897573196664,0.026593771932542202,-1.3154393988925388,-0.666346812009125,0.12525431899717324,-1.0137556585366787,-0.33221588922106843
0,-0.3717598992661956,-0.5117771681280978,-0.9602937800038676,-0.7688219319158397,-1.256151111883537,0.1258448376296537,-0.7778268130774508,-0.5478625042478689,-1.8343563857400773,0.19617925355213658,-0.12598368137273602,-0.41031164951635724,-0.9322812103775672,2.1452462514040964,0.051912370352918825,-0.5893928211048975,0.8113732673208097,-0.4407617100495149,0.5637780793392703,-1.0661230604322542
0,-0.2744302098888967,-0.2506310855016298,-0.8924289920966137,-0.5577108719387841,0.9342995153137497,-0.43274402153755687,0.15041222646765168,-0.3544663206768316,-0.06535152176387184,1.597403073657245,0.28708298551871786,-0.08251095632798976,-1.1411595289258054,1.117192945422943,-0.6513395990876867,0.5325240736497848,0.8306976037665531,1.6867090265162485,-0.3955690682902288,-1.002825468153208
0,0.6091773083176473,1.2142645132357515,0.7266456446801923,0.5503500460803094,0.2703767895629165,0.9913246380169353,1.1933930170866063,-0.6680416441026388,-0.5688370499280228,0.37613552861280386,-0.41501367837403047,1.8647407441695953,1.721997940828104,1.6350485038713836,0.5252588517114146,-0.4644648023581726,-1.260029532428383,0.2941724189896688,-0.03558567293939543,-1.8921913315913548
0,0.43616739274161237,0.6725645912815027,-0.8283516192373135,0.15928608201202465,0.13013729781208314,-1.199999041388083,-2.9789097237263054,0.7571817735549321,0.8914976380576817,0.12229115881550481,1.0848247129288275,-0.14204612046307608,0.7607390276046669,-1.3876699134383395,-1.7495353375896883,-0.8092124255675542,-1.1282408058807711,-1.2860977109688188,-0.915331226301972,1.5290963916740217
0,-0.2645398634697759,-0.45095983137204404,-1.8237512746426574,1.087920877355624,1.1251851420802097,-0.6155111042661634,1.1446360398179638,-0.02613800651675947,1.3594343256359331,0.14674650200999606,-0.032786661537671895,1.3680132997453742,-0.9919912111851077,0.5003581263988198,1.089205999810728,-1.1579797440863948,-1.1771080208322984,0.7948505894990655,0.7308591855451162,-0.07298251624927486
0,-0.16126800090280122,-0.1979519496064313,-0.28733256232428506,-0.5630652756727116,-0.1509662171161253,0.7676248940377535,0.7093702966931658,1.0346388195022116,-1.4242768903680283,-0.6992842422164529,0.4275594849069911,-1.084323877982634,0.47406741510026695,-2.652810902140736,1.3511031505758178,-0.40401147151768874,0.32915794083349675,1.7285316116824831,1.2537141396002955,0.7019403982487937
0,0.10519750945161997,-0.20109517236270869,0.09238594655249296,-2.9678999005417475,-0.8840547406957966,0.7743744006957096,-0.413286251639248,0.8362713619098222,1.240438508998633,-0.4255541334377302,0.07393458358204999,0.231173957645406,0.2448298194644247,0.7425448267408633,1.5992882759838558,-0.06746895326128542,0.5069987071892137,1.6544304039794822,-1.9636256914556105,0.31892410643076063
0,0.3269715168128435,-1.1233239775211152,-1.0084603928631626,0.17672535391880803,1.3904788574211724,-0.20951200749443427,1.122838059557501,-0.13506771613437102,-0.7620269694050984,1.4339384072752699,1.635018741352389,-1.01462973518389,-0.03435754531754927,2.8806791019009244,0.4594758158724468,-0.8302622585107166,0.11735549849358329,0.31927256219447114,1.4443275953363293,-1.589916764715015
0,-0.03345665085424712,1.0982687582362234,-0.5155509981520133,-0.6177492351564107,-1.3518897747154217,-0.4291321003984065,0.40976985730298865,-1.1291512948043274,0.5152729101938543,0.3715727037340418,-1.822953159715662,0.7676106454461319,-0.6941639153838224,0.5305447543848186,-0.1193813845911645,-0.7868993513864814,0.30413055985575166,-0.6038565728349955,0.45445778938789816,0.46143571646144654
0,1.835956716155732,2.491460721346312,2.078107612958473,-0.7107694962876027,-0.6342802440398339,-0.41004763277167,-1.8821435867760952,0.6127809128268263,0.7689003718592142,1.272684345774678,-1.0920167333314001,-1.130616777562059,1.3126622379851982,-0.026105867718516345,0.37845787111732715,0.1367158861321892,-0.405194869545993,-1.3207072733312564,0.06649257241458362,-0.5474604864095974
0,2.4962975683030626,-1.035679873231416,0.2247557649670797,0.07496902164802663,0.20956153137896574,-0.2935005770356868,-0.8226886305010418,0.2514549550688017,-0.5111212788109367,0.42313142803500614,-0.6866919283574188,0.3720610409677075,0.09753306494743898,-1.5251548150475756,-0.2908001221074107,-1.0985252276665534,-0.6715525773733649,0.07279964823772647,0.9054452195138364,-0.4483931688648127
0,0.3427942751640385,1.7531727460541868,0.7467484068053507,-1.3047483524671522,1.5007181690420823,-0.37400174225375765,-2.563524887794823,1.673446572556379,0.33687666902009383,0.6889194479213484,-1.2011554025358515,-0.1035509506422383,0.043586773911157665,-0.6041509246369471,1.7176890637315474,0.8106724350121361,-1.0673809898704956,1.273290378770214,-0.4173917773751098,1.4390719430353034
0,0.9636063369335902,0.6355437110735452,0.10992168379310058,1.2376932574163066,-1.1028628849092466,-1.2938765366218214,0.023420462440859068,-0.04608220182265793,0.3827956892365749,0.36909783337740537,-0.32120933750456093,-0.642088805863353,-1.030400601042467,1.316938771346171,-1.2397884163052606,1.1822630922700932,-1.6027313084297183,-0.8409867176722399,-1.2218029084553552,0.06980645709544596
0,-1.5150962388502935,0.23317949376089558,-1.0429822258792558,0.5970217752999936,-0.8059010277856358,-0.010697826426560524,0.006717895736502352,-0.5549422517052722,-1.4838810721870859,-0.39902427371443744,0.2586971773571521,-1.5558749055870351,-0.8785333134214925,-0.07034030367914268,-0.5033314026083654,-0.3855352426578169,-0.6778597882528223,0.3013037658745231,0.8377158493455555,-0.525571828899374
0,2.2978049321136074,-0.6116740585940004,-0.5596176363925087,-1.5585120833570978,-0.6086990054105296,0.5088768490919282,0.5393763502220301,-0.8448595073052491,-0.7007360865641237,0.4031387663177225,0.7801133647554155,0.6874452590214395,1.7227234996746947,0.09262699534933472,-0.8445933694620574,0.16983228142592943,-0.7318792146119598,-0.4107744153332624,-1.0727918005219117,-1.2887827876377707
0,-1.005389179100659,0.584517709861682,-0.3609453800990497,0.8338939234307501,-1.727961567264481,-0.417530955362561,-0.6670170196023365,-0.5762906277828196,0.3573509125488109,-1.5327040001738395,-0.1262193414439365,0.5408527857455702,0.22961632321367903,-1.5338349484913008,-0.5243905367209084,-0.26221945601348795,0.09001081465938948,-0.7397748915673806,-0.5302057609112922,0.7726414018619246
0,-1.2656615467803727,-1.280658747542814,-1.731912684375445,-0.8408803004226173,0.5897998838322243,0.2646780277643214,-0.22856560757888894,-0.5015437090236348,1.5446387401303006,-0.7120824664762212,0.5720271362119714,-0.46838677904212683,0.5312197607429098,0.15175147087848623,-0.48045647478079,1.0472100772246353,-0.22550700482771693,-0.8493250348296606,0.6319423843810253,-0.12457851693842908
0,1.320651580901413,0.271808518026656,1.0422807372583862,0.6661226488351688,-0.6890499174539578,-0.12135252456218847,1.0494183085917927,-0.8921567460047256,-1.7199719016836408,-0.10434606630638738,1.8528792053965322,-2.1223481217455906,1.4864617871858137,0.36466547115774517,-0.11941491745735472,1.3885443080213136,2.0828003827477635,0.6590056608943675,-0.6112646614868185,-1.3780430361181644
0,0.3341325562162317,0.5145838471081544,1.2810327080409953,0.5952268208739745,-0.2879445247295938,-0.7157655850490445,0.38777205135048337,1.1544028205569052,1.7176033996806077,-0.9212114423132443,1.7546774286836861,-0.03273491107792278,-0.11916350582640213,-0.055489877500056066,-1.0271990689811366,-0.9586983550007663,1.6579787078534847,1.042524872274187,-1.189653783430413,0.9438755000470617
0,0.8408478071293156,0.38741185686899327,0.40112889156221226,0.7010766828438787,-0.9842365257626406,0.9372781035967612,0.44336907285370625,-0.060099915978077935,-0.7247795881211558,0.4346421823624355,-1.074905228999687,0.6043009022407956,-0.8055370476431494,-1.048240166856481,-0.7264138991730855,0.5901821338608866,-0.03759635343896798,-1.5014572146587517,-0.3613534697634641,-0.14068405908266152
0,-0.915985714165204,-0.5459792251698413,-0.9753866412270663,-1.8628753858658178,0.09073261875073403,0.6429608707221486,-0.016082710102104276,-1.120650163982037,0.5060788425930439,0.9047736184388574,0.2241230530435725,-0.5262626320429102,1.3795052156901537,-1.44264221038449,-1.7444203968446317,-0.4262883480692189,0.02978118747627753,0.41650489314701145,-0.3874105793878638,-0.42222269441466204
0,0.8833536174789377,0.902540610415817,2.2157744867118625,0.6173697379714022,0.9064100243031896,-0.23676510709506987,-0.6435867765619285,0.11144845167052633,0.6785566330433224,0.3886043216271848,0.6302731653301501,-1.4329323268716332,0.8448417177932124,-1.175048763588504,-1.1232008611848228,1.0656660067958024,0.8640121564407668,0.793785804248842,-1.3686383322495708,0.3147928586068704
0,1.3130641968043981,1.8856690843710164,1.1017300710445674,-0.4567647815109627,-0.27935750652105323,0.8718071826637617,-0.3264081675317932,1.1908606621135194,-0.3410529872125975,1.5427891556835593,0.3927437044348881,0.33276213097128593,0.9934762580249872,1.0579042217425414,-1.0613248623755998,0.6741088084536794,0.9263798969689275,0.4372349576445748,0.9825460297493571,-0.14467222582906736
0,1.4618222328663897,1.7450645847987805,0.6236603587622577,0.0920524106926452,-1.6541869108058231,-0.5905198643344469,-0.6393409694181528,0.48209327193217316,0.9459459015575932,2.1832098418534165,-1.4587425420100808,0.7295400690615282,0.8696216582963612,0.2990549133543483,-1.224530817870002,0.07440777595807506,-1.823899599207852,-1.0455081033213425,0.12948413636210124,0.7891700663414013
0,-1.319581443008659,-1.1471351604171371,-0.3356700562967014,-0.37120236832059794,-1.11108433866541,-0.25743694478244505,0.7474302994325115,-0.8614844200862373,0.6094371927067099,1.0042733000370772,0.3015085881919229,1.3613935204325143,-1.4594038256828354,1.2489760793916111,-1.1887928158790897,-1.3584803354059045,1.1379193017229494,-0.1469298017670412,1.6400927721279774,0.0300388889367193
0,-2.0307798319192596,0.6198470242839587,-2.0930734062159444,0.46591702492821957,0.32637542828641,-0.050633103944099304,-0.1910738762841342,-0.8301850278043849,-2.2387185629889412,-0.5473107346191437,-0.9425913807595464,-1.4985445854358652,-1.0218497229700976,-0.2516612771442923,0.14085312427591576,0.7209405556804335,-2.7948502499442465,0.3435876982464595,0.733319534200157,-1.3190004385568301
0,-0.23149571240385658,-0.6936727720834118,-1.7158568688819213,0.26225365421339514,1.5303274389410808,0.6760099588556073,-0.21333281036882065,0.047756923923358605,-0.5400520015321953,-0.0698191560902638,0.19686228717627544,2.1953859563160636,-1.184618065790061,-0.1584710934920547,-0.03326142326824566,0.4629212168634429,1.1571596713286931,1.8045926414583051,-0.36692276065167373,0.1061508069841479
0,2.312089397401206,1.5838302463127594,1.419762654374657,-0.3125328354688923,0.5395937482382152,-0.6772108819229139,-0.644424261465803,-0.0742430234274812,1.126203310991281,-0.8319069116440597,-0.570590653590369,-0.032573053482106665,1.4664232312110095,0.3367153349573393,1.0235599963411643,-0.644338651577402,-0.6703200811553485,-0.2566701098250058,-0.4444135704093967,1.8243095594464185
0,-1.5537060702145662,-1.5819202917541304,-1.4985443185273195,1.0910639512065436,1.596132380269069,0.6765150454003496,0.3686105954733835,0.320929743967415,0.282149206000606,1.0209198821818732,-0.44114924427858515,-0.488526041877498,-2.311971601420741,0.3822820767628018,-0.09664361858884186,-1.126553769775007,0.14939184576124487,1.0382649655939982,1.3487992606826142,0.8528968655677829
0,0.9531207467176561,0.17284865627867363,0.9594786773328026,-0.9461665606236064,2.1300026311761835,0.40555437773373487,1.0239381967438093,0.8192995558602079,-0.511885989999104,-0.7911928177374842,-0.48815070985726366,-0.8370788253026383,0.9779756372390865,0.3719547453887169,1.1025613468713367,-0.925843936398299,1.1886739167961224,1.7091927777427878,-0.8823074726409146,0.17756353549726744
0,0.8872129860761696,1.1663700490036506,0.847310294145104,2.2783936576956982,-1.6603254569330765,-0.6947077489805771,0.92963271252059,-0.03416200792288618,-0.7299183445860813,-0.056393539205805726,-0.0866623422323025,-1.0525919328909028,1.3942982146618421,1.736003672804591,0.10360764410731596,-2.008784136537349,-1.7129652027184814,0.21098121349241306,0.8826257709231837,-0.6520300800952389
0,-1.6483995961998013,-0.2399571990111424,-0.7699347177091541,0.38876798447989835,-0.47846733977104067,1.160017613075125,0.46549129390463134,0.8262015276129322,1.2703130014604724,-0.699251362060114,0.5143797427699274,-0.7541311864850316,-1.8152215587687284,-3.4491530082090147,-1.3838590861161726,-1.3346146760517232,-0.8765501567001215,-0.7815660278914142,0.6641881360730336,-0.3491616152584383
0,1.640774563054327,-0.8537744071800397,-0.5918652111278405,-0.019130888612391626,-0.8904314220768182,-0.006661863548276795,-0.11602081470983597,0.6704307954896861,0.4034108588695434,-0.4474863474680973,-0.4683828194872773,-0.20544078275706257,1.3633454284151212,-0.6700720739660333,-1.1786536292169785,-1.7315664756588574,0.04399706829129215,0.5888079696619622,-0.35951528033598573,0.8206205301718419
0,0.04943364107850059,-0.2007098587846038,0.4364144109045319,0.9630702312670908,-1.568760989434018,1.0717612831814185,-0.6423855912625049,-0.5840010307586994,0.5436504965312148,-0.2887858520354795,0.16677815303611018,-1.013678786126107,-0.3653926759166203,-0.8854791301791265,-0.5652301055742392,0.3520022225638604,0.17974662025687965,-1.6622501403150716,-0.8782645628775384,1.2001947461656959
0,0.8640563096931404,1.2923234090825353,0.6349955204162966,0.6204785644352745,-0.5244202082700705,0.37675307701235666,0.24714170006011021,0.27895492079898787,0.7264963591406067,-2.0623788778404113,-0.995417814693974,0.8464780213831044,-0.7328612714530236,1.0920703640563205,-1.1300301582857404,1.350664191089651,-0.8574142718871252,-1.8518372661725702,1.6016857981771462,0.9849542695089881
0,-0.3442272295564926,0.39002649549889257,-0.7368224786544326,0.9275814243314277,-0.47674174218892595,-1.1385863521205453,-1.3117485103388742,0.5608499614272924,-1.5870997782956335,0.27735100892137077,1.577734559972784,-1.111625034464377,0.7293897363466803,0.6890747089434718,-0.4245197862841076,-1.64292823231077,0.7387881999455798,0.1943401980547602,-0.4236397439156845,-1.1997743186385665
0,-0.37029135913374545,-0.5584009799010905,-0.053382930739917914,-0.6586271350445079,-0.7335505264166475,0.7240768797210653,-0.05171696049411038,-1.2163654793886371,0.6425927919842077,1.5090331564193433,0.018703412488268477,2.149989697566063,1.049532413854647,0.45691007197508415,0.12156818592240545,0.3940174794530935,-0.5086758831651338,-1.425970672051973,-0.7714704172973986,0.3205923314687562
0,0.5623133913408168,1.5129849576608267,1.2619266552067085,-0.5718034689582991,-0.2655565516693006,0.3587253647478783,-0.7056912682896292,0.9135561349085028,0.7129446684641759,0.8793497268603624,-0.03412409666525343,1.5013241785712292,1.138582278459556,-0.8241802049651025,0.7446639277919199,0.5344458475288354,1.562162501158683,0.6423025658893801,-0.6805485709121707,1.3681634875433375
0,-1.3103337515881375,0.6621431667882306,0.7644507943242456,0.34958119691128237,-0.20229399855453792,0.2895320548077237,-0.22599694359775074,0.03386975811831528,-0.2216971791951796,-0.3577376246975108,0.9583490725108554,0.6048884781797861,-0.393945971434628,0.2949681673763956,-1.178393566709221,0.23578483311490062,1.0646029513732043,-0.5855819858688931,-0.5339055622852251,0.42789288451496893
0,0.1774891037035653,1.1663758466827843,0.09760836379142082,0.1744340283843402,0.8486065439488709,1.8168831461558892,-0.7728235476803439,0.779660629779976,-0.038853374382666325,-0.3537637354887491,-0.07352372870187167,-0.15098035024510714,1.216432012341282,0.12542398435310492,0.2160357740814042,0.8095337091495288,-0.7278817072400332,-0.2704563441389539,-1.7104800788735348,-1.0137209865956756
0,-1.4929964383887564,-0.1815822194223596,-2.2521081874201783,-0.281693607988008,1.4169382611118027,1.01533983804847,-0.8311389747713392,-1.3474199609192952,-1.6425532317017506,-0.0866532638135497,2.6112217556575934,-0.23589023190177433,-1.3136418788545268,-0.6223347851355028,-1.4170103835279866,0.4630707203447212,0.7916368252232742,0.01624327744292209,-0.7710404948660199,-0.3362494369473354
0,0.43496671316701857,-0.8124576586246542,-0.6451771348168751,0.03737304493662918,-0.43823931867619026,-1.654369696824758,-0.18141378991288848,0.30765125549316336,1.4764027626203449,-0.21101277508297464,0.4163438161223849,1.5269880600415866,-0.29635485789885707,0.599440313051761,-1.1528834583722427,-1.5013994344579273,0.34617493898601476,-1.3437808480024884,0.030409777508774292,1.1463039825238381
0,1.7792592632860729,-1.0104582632203927,0.06596887709896568,-1.6764001498734324,-1.9767671963379736,-0.855487643982735,0.9348069415486676,0.6741857604586994,-0.757985381794401,0.19532175378735528,-0.46644671566048557,0.43345403132045934,-1.382636164783596,-0.7946349174775769,1.0797293842343658,0.7545856557326737,-0.21634080348040663,0.11874826281634596,1.1901380637614392,-0.6711286994479889
0,0.8125350587981895,-0.07342363361509631,-0.9184375038339412,0.32941702670158407,0.27008377261644817,-0.20863533929751507,0.6835300979204117,-0.16054738783933536,-0.6167574728375689,-0.2121527271602561,-0.40762076058540886,0.9947366356275179,-0.7150490131975188,-1.3072877780684702,0.23528111095638496,-1.4766704083708877,-1.053365758831912,0.15737951515392734,-0.6603718978013707,0.4251243125172796
0,-0.8008331161497196,0.606993697573212,-1.7274563681809754,-0.4176136658940623,-0.5819681081855319,-1.2569252848980048,-0.21556325868077747,1.641221790940038,1.724978419012403,0.8613214658208488,-0.8824688455879159,-0.4994498600878717,0.5077753861841792,0.6833779097507664,-0.17809265232016938,-0.7780147935211966,-0.7249504630191203,-1.7919357503599582,-0.7029947527856644,1.8345014421652412
0,-0.5177239922694248,-0.7756646108739896,-1.4674049613759053,1.813832210994446,-0.3352369997914238,1.4737890708563604,0.4997887305308399,0.2915980871823691,0.29070645718711896,-0.0961765522823276,-1.251291037344613,0.6177845533907925,-2.075654835957488,-0.16168757708322062,1.0636575554870216,2.345096698636867,-0.7083960988337064,0.11478943961020698,-1.9826839049253258,0.6346984078007688
0,-0.035823603229388976,-0.13189303089465393,-0.5567537450872934,1.22293445070276,0.21583505614967782,0.09272613563768518,-2.9161852038026135,-0.5288380338220515,1.118155738133641,-1.9623491132764523,-0.7515899285013624,-0.861913840677658,-0.9592364971959566,0.030618506968841122,0.8734483724124591,-0.5418067014197799,0.48335720025122936,0.12263048879521386,-0.08509085798254575,0.23907554189505886
0,1.5446450741245041,0.11290305426654614,1.3313442649715252,0.8574035382719798,-0.7537678008097386,1.3877138975973884,0.4267821235695289,0.04963762654439676,-0.8642172823131613,-1.4954516258551493,0.7438439129094674,-0.30121439663598404,1.2828058131895212,1.8042914752995887,-0.8935337977307942,-0.1422573390044765,-0.9375696701756961,-2.635719305494942,0.3199176461020027,-0.151005886664649
1,2.011683067772798,-0.9048929577232784,0.9579548571009981,-1.342217129973817,0.7978916358191658,0.0065916512244785985,1.1793624746832203,0.959209355890531,-0.1346073468676716,-1.1934399111394962,-0.9344647547339365,-0.7144194791592486,-0.35950577065797457,1.203639284775942,0.3724056898032635,0.7218687148948351,0.4718589780852241,0.5755706021561287,0.5162429020078013,-1.1558961768065934
1,1.529008990247044,1.4904746479412987,1.6940528437916722,1.7611855496982405,0.48849064889460037,1.0997759439225125,0.6237446504468714,1.7336965791196315,0.5932163429013494,0.7575345449391885,-0.16346810228776149,-1.2641224370522628,-0.24286295911904007,-1.3025731999309895,0.19604932786400645,0.7357091172065914,0.495687727527923,-0.12296407201979079,-1.033843107624816,-0.35460499242854726
1,-0.5513663241838853,-0.5937856863554726,-1.0137790893934908,-0.22905163376823062,-1.6397236355045803,-0.6287717165046475,0.1814279201602505,0.10456695112975599,0.3723999442992336,1.390772451798932,0.8924707981759026,-0.9256123977909916,-1.1604460208010177,0.3333929522568516,-0.8830748662128202,-0.6642070283130425,0.6180925822657839,0.9548504251063222,0.10733412141512463,0.27686120094193006
1,-1.2094128625220164,-0.5899381587453829,0.20954746945742622,-0.5293406779966195,-0.3520159484488707,-1.1223596806369602,-1.1056694982909228,0.8815174329582212,-2.1382978489060194,-1.592447908119769,-0.3571843161475041,-0.06620066623608802,-1.1273249706207586,-0.2156383951605536,-0.3100284939318175,-0.24759115634367787,0.27944182035067894,0.34997839173572576,-0.047378511382812426,1.9811958196624608
1,-1.8846384736295563,-1.0646250090106266,-2.444462715007264,0.22581768165831018,-1.1803472184716148,-1.5298365393906421,-0.8488130060963162,0.2940864829384256,-0.41472089239842796,-0.026946938110422265,0.925910356511287,0.7458588479489942,-0.7663122440755279,0.09433823549184124,0.31738644714923075,-0.9400969763332738,-1.6560860028540634,0.27280616636237887,-0.028673779050909863,0.2975296200255227
1,0.3332927163440094,-0.07082483662465976,-0.9067524784294928,0.47893793900373544,-1.6644590156069017,0.36730471335611475,-0.6454841658268584,1.1061317210292743,0.8993251868273966,0.9659193166743939,-0.15994621710010076,0.5426543641484048,0.7134144141327575,0.7574662037996396,-0.9584041577147413,0.26611456282061646,-0.9859700434700189,-2.5460086719585213,-0.3349668769321114,-0.9102783628685482
1,1.3028049587897408,0.30771461868700023,0.8405722291405573,-1.2500236712996897,-0.054223008127511976,1.8225942468209584,2.0506192931662857,-0.11624420458641668,0.03341122233270597,-0.5554454134335864,0.3980855579316318,-0.73080043208599,0.2973420949595764,0.05297086018348801,-0.9847056205256319,0.9165320882132394,0.0052329908003291865,-1.3525184388154792,-1.6818458355417591,-0.12053610732989868
1,-0.4161056800634208,-1.7798792511255392,-1.2212616171344173,-0.17720554223136248,-0.1434584038972441,-0.7909575161736421,-0.16773004816930917,-0.06104213873366663,-0.01716371868382514,-0.8198093489369778,0.2626140512974038,-0.6987386163411536,0.5980151376808973,1.0023697657695267,0.504651600458038,-0.14289226292824572,-0.5430092741226359,-0.7875923053413927,0.8017656639642818,1.3593952581138602
1,-0.4278640892859712,-2.732790543933863,-0.6727299888171635,0.43130681042926877,-0.6786900602435169,-2.369497757312431,-2.019821566585087,-0.5422591954375876,-0.27733161816032686,-0.4359162278256458,-1.6864891302408886,-1.9379443148041724,1.3698464612009003,1.4168639380031443,-0.3075173401592132,0.3678390551556921,0.22791291846485764,-0.7042161549705148,-0.39916460520108893,-1.5493484998390084
1,-1.6826570482695364,-0.19408704159118925,0.46418555655533417,-0.9481667290936525,0.03179235894454994,-0.9764619235337334,0.08325932701735862,0.08119178012901564,-2.076158802751795,0.8130009549826536,-0.12035186098675804,1.1197858766168076,-1.3986551185601912,0.7423510149988303,1.2166033887537258,-1.8998509830139814,0.5796698662114751,-0.5971934413157751,-0.9202211743823255,-0.1657076933748753
1,2.8401225910847856,1.7494191607793752,1.0104097074025844,-1.6650164963064131,1.3724268930265338,2.2078315351814948,0.9350561745389571,-0.22715045259330005,-0.6488833401562001,-0.4554476850646386,-0.5329009070796877,0.09621202475829657,0.6611004358410772,0.2685531221126819,-0.1867117425035273,0.33513059301734266,1.3545877851799433,0.28957169946257094,-0.525970732586968,0.009970296483937727
1,2.475359152556411,0.5640945154832604,1.8308882308762324,0.510280689896427,0.7494823010964922,1.36693056650123,1.8532973043421748,0.6093819744930092,0.4039768605135034,-0.09870003980396559,-2.672678110934973,-0.1125815034478973,0.8868657301676338,-1.1385104826237322,0.05704454236894944,1.1204166335859465,-0.7052179916608555,-1.5087796380862748,1.9322786912459953,-0.012003887416336016
1,-0.991068185327172,1.0585656012687799,0.32826901992316626,0.27867073470725706,-0.9292102280055423,0.09736404827571525,-0.38673100723316484,0.5020620316605215,-0.92901540620349,-1.4746786969084742,-2.3762511972177762,1.0562767887079647,-1.842454391955638,-0.03616132597258379,0.28592399582487005,-0.20561189294073393,0.37787014858206663,2.11406175464601,0.8259053253311666,1.9429114591037708
1,-1.9351445740482174,-1.9434535915091677,-0.8636335834923099,0.24283500131615568,-2.117580272232382,-1.8966238198401029,-2.7846669087566878,-0.8522973963795023,-1.8674608844425273,-1.4768442533879276,-0.3728869774830881,-0.2946768235838244,-0.27125781347220723,1.0002051862476633,-0.4174657184328308,-1.2387047345255622,-1.407101691941771,-1.6510447252546747,-0.8495559448638357,-0.6869162397400608
1,0.7370157986960971,0.2699817046933226,1.2621075799375119,-0.030524336165071636,1.1210394754689188,1.7952444861699715,1.1413987945849209,-0.536014079175237,-0.5449360040607258,-0.7878001875695155,0.49788744803482504,-0.3611427820238844,-0.825128842787699,-1.1499165791318706,0.5892695919381112,0.955854037338121,0.4164509983363066,0.44240041123766843,0.5878599475473515,0.1534169793089301
1,1.7473422984194364,-0.47863986003869613,1.3819923393080205,1.4598215806639943,1.2374071583524435,1.3374552765172776,0.7842430383973946,1.340771562002215,0.7633119195424626,-0.8039342072058235,-0.9562619793285633,1.1558477386242492,-0.10771888553358455,-0.4318687064241389,1.0761691568530163,0.629587632140235,0.7608559674622064,-0.05392931524366256,1.8997637411841268,0.44340765136973426
1,-0.050860278490884654,0.8183290675025445,0.37802948542968084,1.9406819395921917,0.8444594398917311,0.4215132593517742,-0.25699534293316606,1.9292559815354395,1.5263655018151758,0.24696444053104988,1.1209817358027185,-0.5980454371286449,0.5663712349309432,-2.328157712687901,-1.208446014497898,1.8203358670371055,-1.133871126306231,-0.8468518757526787,1.5134409317911224,0.10325445099910877
1,-1.397319818027096,0.5856567102762222,-0.40374333142862534,0.46672051358784444,0.2925647734700556,-0.761437971598963,-0.04210049054251449,-0.13463919378348146,-0.3694802900809175,0.05616058790776878,-1.9578820783307815,0.9739044653705754,-2.3792859682895857,0.041742774095611765,-0.4716530139664321,0.603290659336628,0.26004195842864947,0.44966816163754036,1.2084393154617243,-0.798646889824068
1,-1.9250885693243582,-2.067645519443849,-2.6809658763072814,-0.8242866213760806,-1.6674454883989345,-1.93696903580537,-2.193432060123524,-0.4874283267149209,-0.8168117910664954,1.1340712085829288,-1.030147598290948,-0.3871277869849944,-0.5772955937978131,-0.15902651603636386,0.9807702730498826,-0.9907600531229814,-0.23790704822969644,-0.39783278170497344,0.06434852168013434,-0.24582011041525037
1,0.39866458487982837,-0.8279501172664928,-0.029331039865635268,0.3939522146773868,0.01151988653690823,-0.09974659737000584,0.042144362860347645,0.4263516867564811,-0.9652240893949494,0.11907945930813943,0.1715838281079086,1.0360066848524891,0.00917647853029908,1.2337638541315943,0.9695807044457693,0.4374971328718391,0.0754970470633924,-0.03390985907143814,-0.3319753026532721,0.8000127584110881
1,0.9421135251149172,0.6043279633145981,0.1476672314027097,0.24513468772408625,0.9207213021414269,0.4161956368481068,1.4179782269344239,-0.22837994785689675,0.8959720454697098,0.6700801200843142,-1.720285563626107,-1.004375813550447,1.9443505521102296,0.6827223229530087,-0.3551078457558872,1.343332394736005,-0.688408334206212,-1.4085115110953426,-0.46023157247101154,-1.1877119966465945
1,0.31290804393833604,1.024622985912967,-0.1759308086065569,2.1052787553791155,-0.6251220487980462,0.6432089050348919,0.7785105556632617,0.7617989142687053,1.2274206876712173,-1.2608543705827981,1.1254422866553844,-0.6881418931756113,0.29573022292970913,0.256406528774194,-0.6647091302138204,1.4352175367757856,1.6785473313435373,0.8534067363501848,-0.26097473213286376,0.3709431899609959
1,0.839607928602259,0.7535745737656829,-0.403008723463813,-0.534639768384689,0.711879813155306,0.6985518102877022,-0.6094598222946295,0.8142882750278612,-2.058504996714272,1.8568238499469996,-0.4115201889485472,-2.8696984922980064,-0.7788060612156235,-1.1341173831217148,-0.5607785896895098,0.5567424124217154,0.6310862884845684,-0.8817110566642065,0.6076215541058763,-0.4658441417986869
1,0.8738342630364349,0.11718593083437262,0.026494284339150753,2.308566082188444,1.0629097316109983,-1.238438081616694,0.6237884736753144,-0.47083410755390315,-0.056398449651810505,-0.8741807653929458,-0.5461693050258973,0.42630954884816336,0.2465567354535667,0.5680950544588621,0.31277672653523464,-0.19750562217927897,-1.177887902852981,0.8281848561005146,0.17835003868996807,-1.8998081062973888
1,-1.0019108146520377,-0.07860209636804458,-0.7934186356347894,0.3681799106588408,-1.4274274061782386,-0.472970594827087,0.6922847373948531,-1.1694536074490458,-0.2464819792870205,1.4360063213479288,0.596546616665679,0.47126738770012694,0.692615311731452,0.12249114760176838,0.42288814085337356,-0.13841785621696714,-0.8461345122105879,0.8208464062905788,1.6899810724974966,1.0653555606260587
1,-0.08889792641448323,0.8395015847874645,-0.029023634174578435,0.07499311711549007,0.06097070468669383,0.74197156083248,1.6986779400649468,0.6979152065557449,0.42145265192760334,0.2109106275332532,0.25788969068262163,-0.7531916823472966,-0.15247552088544208,-0.19034311805566906,-0.38490497489912984,0.03563813674280804,-0.624005269356889,0.05478076204917591,-0.10920794829676084,0.46043427772946943
1,-1.4613438448066685,-0.17551770710596282,-0.3708616466435062,0.6879743537414579,-0.2844256709162251,-1.2305857216507583,-0.7921817424050883,1.0264091505256394,1.2066130268376336,2.2948065149545314,0.012233347878294325,0.8141398173450283,0.45398326826781066,-0.24907821409354103,0.21521736406110442,-0.7032666523034239,-0.2731532917941163,-0.7396439272922999,-0.4960854646507932,-0.35265556105908824
1,0.1251783308152952,0.2059298322334732,-0.5389231123587886,1.05952983548007,-0.7322378650394792,0.21892086559683316,-0.1928249533538095,-1.0691054345042734,0.18696076048148313,-2.648160890574626,-3.2091272659273824,-0.7602679555145611,-1.807821758646737,0.2982070901031674,1.1583323614140515,-0.9596887872303964,-1.8473060182726686,-0.9163415379888689,0.10565367658753554,-1.3094650626529432
1,-0.8908589028814853,0.7323082703372507,-0.7819529726568031,-0.30693062835358115,0.610664759404865,1.2033591042628962,0.2576071198032915,-0.7986789414999872,-1.0133904306429966,-1.5114181663762647,-1.0035563545535295,0.9820113141382216,-1.4154073890877075,0.287156578389287,-0.24577844040493588,-0.7301237095090811,0.18644276729909415,-0.9544981402546157,1.084082767233552,1.8166325773745577
1,-0.7454996726991125,-0.9147907946797952,0.29168691802455093,-0.6328141650907319,-1.8934041106635988,-1.8817384242081376,-0.7402320077480125,0.23818434688966608,-1.6622373386842981,-0.706927259862439,0.15788093117163396,0.5585409554590092,-0.8776304975680251,0.6254262151959501,-0.7587585968997256,-0.0953632598090464,-0.04937974651068088,-0.8113917099859307,1.4753391534913918,0.3502449180750823
1,-0.9275493810267641,-0.35958093082020554,-0.5319767620378298,-0.9525928048532277,-0.9361029678132456,-0.7580390988711683,-0.47208498357327616,0.9896160120233475,-0.1837703563318269,-0.6185440187349203,-0.36836795115776727,-0.4611896975018962,-0.1325126375009499,0.0025049602354375953,-0.5078486846960204,-1.5017519287972996,0.5145223538268041,1.4029245345867087,1.2701054641406881,2.9560758251655135
1,1.7637130493616346,0.4255350309772078,1.7853319854770768,0.3487224492478781,1.6428982599867137,0.8290622896467938,2.125568277067872,-0.27247991731064847,-0.014703764506733302,-0.3979127793258612,-0.2545786560074615,-0.6585715852623597,1.2524276566025927,-1.6312765344884685,-0.8520933846638113,1.5157899341589027,0.40293745018342986,0.7299215277636465,-0.13075650647525563,-0.033846624623374184
1,0.11210283222592984,0.17339326856046672,0.5245856415341346,1.2420396361130996,-0.5824014456844212,-0.46124080178647087,-0.8768706683815508,0.5909871407563595,1.7431962847950533,0.23126883028647185,-0.10621996615292038,-0.1827450745193873,1.6422512633288695,-0.17422315241043396,-0.8240084835698651,-0.028899924078600897,-1.9070635380907597,0.695501639880108,0.4697209013130166,-1.0632683573867663
1,1.502508680194437,0.6144558066535899,0.08950666150151579,0.46662590515951957,-0.250941672598735,0.7826029229566466,0.6445305897443317,-0.44617047396704523,0.8965298687074447,-1.1610055388002092,-0.6251037557113098,-0.7782929050794563,0.4449308687848433,0.542821612765261,-1.0215891686344631,0.3999322557382485,0.08185518772976114,1.124109455274179,-0.9494135775725233,0.7453417618295293
1,-0.5219876221703187,0.39151390704567457,-0.66306528279881,-0.6281134367805837,-1.0647306946869073,0.6427690635470991,0.6771475389862252,1.1433746743357667,-0.9385589373631096,3.0709206521350434,2.1208722569138283,0.1990501982347268,-0.6940018586583715,-0.10720993170365069,-0.4615021093985421,0.45988303783555473,-0.6442132346618796,-0.37774216702516483,-0.28991322981798556,0.28287288896585316
1,1.1711389939389325,1.0073920373570808,-0.43196726084949627,0.19604124812921384,0.7958968943060251,0.4307434421272848,0.7436257588373341,-0.33979286681497045,0.6552933110253076,-0.06434831861049753,0.603931188312339,0.336338439182927,-0.5075051088549585,0.5115897441277543,0.5252103838557025,0.4930960205150287,0.8713335515928771,0.24425334219342293,-0.8045075286879829,-0.44102595075347173
1,0.10801965805539794,1.237270401890169,0.5944941355660914,-0.19613765207153006,0.10522941017380218,1.1408887269621888,1.2389636419691268,0.5538099241042852,0.33831679437815326,1.0303372835183924,-1.97968806898703,-0.5194799230917124,0.5394699876012834,0.9869956819970123,0.5833649402795975,0.2707923693119543,0.3203397796999803,0.22260496387413123,-0.2800845548315247,-0.9057721845745017
1,-0.681999087684857,-0.47084016228541337,-0.4791046542136377,-0.5987329852563315,-0.24747638275279196,-0.3986016331995109,0.21332968787591816,-0.5065210368475885,0.1422095491864535,-0.10118905549084803,-1.5694983847533281,-2.0018542017661187,-0.18208007027520373,-0.9787100554714511,-0.3309770931554292,0.24993620925043655,1.7875006548501355,1.1134683119668014,1.7703668942536102,-0.3825452176563998
1,0.825706798408082,-0.14918882565721542,2.0284352733168545,-0.17533002174918147,-0.3576012904537815,0.12438685715534084,-0.5304100288973598,1.2445191993454385,1.9410843686383872,-0.8878992855529804,-1.5574884949258045,-0.8486892381422662,2.0473389606901096,-0.9662219713761162,-0.9587141033785082,0.4685919406926505,0.590376209107576,1.1340744671996854,-1.1131429228746201,-0.4153242544955141
1,1.5444423673664784,0.40914116513860543,0.33022020783351974,0.3772790370133267,1.7007026024388245,0.9352343017871425,0.6646983758543817,-0.17487052273390263,0.01365657385461036,0.27456173765558745,-0.1594840739209705,-1.3838232314787213,-1.568179965689808,-0.18221644330233963,-0.5223140945061455,-0.4400400050682663,-1.129543058658329,-0.5803885827051786,-1.1538252852999733,0.044669767883055524
1,0.8289286387631435,-0.16882827000005596,0.44107017434594514,-0.36776983422464776,-0.34232538740111457,-0.024800470976970804,-0.4621776004909119,0.11398321913995729,-0.8138286548511965,0.6128168854671627,0.5428304484069447,-0.552171128576933,-2.893655388818218,-0.14662823270461683,-0.35262495480331085,-0.45551732535277734,0.6877058775748986,-0.7265468183830917,-1.0230137792972787,0.9365304903814061
1,0.8423592720325968,-0.29198295087051357,0.060487345602050525,1.4734455155901314,0.44053845387671275,0.5702615339435514,1.670508017739714,0.22046838703962324,-0.4030081374678526,-2.2569662034596125,-0.39578839783834324,-1.5382956761866298,-0.4095180293429717,-0.9098560085116735,-0.7624362371955548,-0.2829863778029912,0.5966601491768405,-0.32772050758992294,0.1527666611994505,-0.6933293341101023
1,0.6531930521907179,1.7757161803211554,-1.6755011191750204,1.1108956291685157,-1.0651215724758003,-0.5529979947367735,-0.8660272704971427,-0.07295613771523016,-1.0810587994153789,1.8379836125540303,1.2714406631402617,-1.4308876863745288,-1.866358529130981,-0.32248034694296435,-0.6761051236854464,0.0073299389958115385,1.4408852498904154,-0.821348623611673,0.3831497824119735,-0.4232656683998599
1,0.5941115527576297,-0.24649156677390188,0.8941976848740465,0.7204161267290479,-0.22339057519683417,-1.0206043125314668,-0.38134701431473844,-2.0314399326740173,0.4112529660854655,-0.8685673161947866,0.011966486434747226,1.3179108120586276,-0.4493669406302362,1.1423839542372471,1.0292811302479101,-0.20641371884431847,0.5395455801407131,-0.2243916840194143,-0.4569292038954759,-1.234881971912962
1,-1.1151008552809005,-0.9352547391727655,-0.04771580386297632,0.7360762063265898,0.23292162520782853,-0.4422898857213048,0.17581303972521847,1.5417506381210346,0.7565970098067356,-0.7077171692604831,-0.4337121805214698,-2.039613126839383,-0.5851842544798493,-0.7594356347274422,-0.8896574465898544,0.4256823154604625,-0.3460670476729885,0.08123251682125328,0.7236114644929689,0.07673771576747314
1,0.8437799051250235,-0.10541465698721733,-0.47281227456289504,-0.7974626263383122,0.6959810478112202,-0.48099328279154496,-0.736058183644963,0.38965715113046767,0.5264638727227773,1.687744374864886,2.3760371762354953,-3.0958045207318547,0.08114266621974925,0.18218604843428393,-1.5504210757301868,-0.6125233087655669,0.3160542214171913,-0.48110690331035866,1.070730942282752,0.7460874590206168
1,0.48070129720474813,0.937620719905862,-0.8691259382009803,-0.9466614815520162,-0.6073473511365926,0.8113803892489732,-0.43143481749968415,-0.13922033098354547,0.5130698950917001,-1.3083467878528685,-1.3821500923408991,-1.9405820924801884,0.7405730632565677,0.05720104026895756,-2.3163594289352805,0.17867371611922236,-0.0656157940101627,-0.24533625502283551,2.1047620051335465,-0.3486011780832682
1,-0.31446555318725955,-0.9530453079396259,0.13128421087126105,0.4012575464757544,0.9206212863631876,0.29153834112136745,0.2271981710407017,1.2730255975921498,0.8761532616302647,-0.6609352181251911,-0.31144480838847677,0.025375102344663246,0.12614786758735264,0.2913060240599611,0.2956603723187509,0.32391231190821895,1.7486711874105594,1.4543327971328455,-0.5185195390579168,0.08762824851381117
1,0.3123628624567084,-1.6824352138824379,-0.9652227022431162,-2.0675031850613785,0.5811247301590372,0.40089445801803103,-0.5788096783722255,-1.4628869556983932,-0.10230236763554904,-0.6802536319497495,-0.4459254002269781,-0.16917581187695777,0.6263914863225075,1.0717082959347641,-0.04054063246775331,-0.7736197955079479,-0.3293047862804057,0.7619642569635893,-0.7111164039690991,-0.40831861148469983
1,-0.5896471723423412,-0.11547714173387197,-0.088571896799466,1.168192759587167,-2.1302958385393755,-0.04451832533142825,-0.37271888621049837,1.663576194204214,0.9011372554531493,-0.6739560925139864,-0.454933923840569,0.5995583920527486,1.2571326828311462,0.10969984556110704,0.45903162470036546,0.1732179591307578,0.5946134309349639,1.1707381557105252,1.1060313085285816,0.20505849417662153
1,0.546465430973786,-0.7259274003199451,-0.6492272081354954,-0.8281368216431649,-0.6684849959108664,-1.0630497080947916,-1.502331008655312,0.08340438310019832,-1.7313867862123764,0.34604428835871115,0.6477150847916445,-0.887505899837534,-0.44603988225171093,-1.2435045546691765,-1.5006505226320594,-1.4204854985172441,0.9073852553041875,-0.5540339182434285,-1.511189352872874,-0.2618356042742777
1,-0.012506921997597974,1.0230801932041182,0.35299848009352014,-0.32297377536917027,0.2830839612004855,0.9733702617497408,0.8414266743490043,-0.842719985358347,0.2620381358277467,-0.17047216533635542,0.7940120296693465,-2.610598629905871,0.14438138371565284,-0.4211198988430622,-1.8174488506763637,-0.05405777565643264,-1.1037466371218048,0.22275232661975,-1.3660071878170768,-1.3353119804154605
1,-1.5548747802611644,-3.6640982798420043,-2.0532848434672064,-0.21251988334064548,-3.3637220153899374,-1.4188784015024867,-2.425277609116829,-1.0210618455655462,-0.6148260383368823,-0.991899809612588,0.39802508824991695,1.0264140453379882,-0.5950481985520069,-0.40043662104309335,0.8391114669446184,-1.0944406345993805,-2.4904576756849592,-0.38917320941303685,0.1570645462154114,-0.4394993285491704
1,-0.0601610408398452,2.2013631456913023,0.9537096853260363,0.8545452846043327,1.1779243915688855,1.3017424796273345,0.8616587199434123,0.1918170129185752,0.1529206509423327,-1.0488297015426227,-0.8205788079795673,1.0927467434784983,0.1071647591392321,-2.033471168680202,-0.19102864898089994,1.1535347710238038,0.41412129891650923,0.11006418503219695,-1.622889345800434,1.3469797200488403
1,0.45999802023145536,1.594337697075594,1.3596328058192666,2.127284484296886,2.37812349750457,0.5225181197867257,0.9593621055630237,3.334632209519352,2.0329801624366985,-1.4769142627527703,-1.1008283967410997,0.07378974104565222,1.8733855844410274,1.0987748268245072,1.3398379189893443,2.2702676572258347,0.7046705100285061,1.9436003990407502,0.8746835107984265,0.7848981479073135
1,2.526417288602305,1.2628679009408517,0.4668570962935705,0.6849423654949178,0.14085230017472194,1.1981038761648146,0.4075207042346374,0.010318327692450023,-0.18651025397071821,-1.861341351925966,-1.8167128297827415,-0.9841822322422437,-1.367903638312388,-0.7476798801674146,-0.2806734542476211,0.4892861721464203,1.7678181917336073,-0.8165270172195137,-0.2889119523733868,-1.6485525312730684
1,-2.1991797118885184,-2.260631279849312,-0.6961046035065079,-0.7652065759640441,-1.0299990157210541,-1.8455280759841763,-0.7782541722776481,-0.6296883752809682,1.00199488496498,0.6116408457174036,0.9813964118672168,-0.4985988375663719,1.3669129819306762,0.08644265140358698,0.06720245471107926,-0.4120343546433331,0.24788432150321174,-1.9768327531781662,-0.3942210844129997,0.9043984385706906
1,-0.41795846048354957,-0.16946300816038673,-0.6146695462394911,0.4983770023114527,0.1682991609719196,-1.4662552619631137,0.2175065956715917,-0.6203258591176757,-0.3852232455028685,1.4518809067006884,1.5002447312780856,0.4260675237162905,-0.9801203323166869,0.5129154148426854,1.3205717333976725,-1.0069731948560126,0.35811480738271134,-0.9359857666530442,0.7793967017492383,-0.9927288784481141
1,0.3915337928871129,-0.39869740102303264,-0.4308114367196608,0.8087767685697143,0.36729384041133245,-0.15676182750700457,1.0795756853782013,-0.5566991218509727,1.0513770505277251,-1.8096543921506563,-0.34862969466825017,-0.8953961166592955,0.2142463187402277,1.0401256250579423,-0.3701311785576853,0.17924769261970774,-0.9912064620795636,0.33827927440010575,0.17000618049007762,0.6314571020729219
1,1.9461984236459873,1.505261573838331,-0.2654459485178656,-0.5549805600845817,1.2843036150931033,1.5431869882692089,0.6052701802586918,1.7952293349215054,-0.7302331497883793,1.1567217198140234,-0.3247435696345359,-0.09917038252310623,-2.1021082629739225,1.8378993054289992,1.766107640204056,0.5883769432231046,0.9266285755996744,-1.1257241641841624,-0.9803676308133811,-0.4155722079254981
1,-0.6843308668258147,0.45072868464517346,1.011866935401208,-1.0586379090460243,0.9668088758376654,-0.5792270251872741,0.19957978603480195,0.9404963563226898,-0.15181097508263278,0.7928659177043066,1.0204264900046376,-0.14406322636961968,-0.4626751095213917,-0.6747765034487473,1.1702661678993669,0.7125173871922026,0.44898113865502215,0.963058274679619,-1.2769980017751235,-0.5557636502870882
1,-1.2391145111236468,-1.8093469020554933,-1.3597454137574152,-1.6598080188788178,-1.394043532193902,-1.1072932909875282,-2.2498335525589774,-0.25298661167174646,0.08312145998737144,-1.0772415027590307,1.7344002413143265,1.4840335914781626,0.4779237465582441,-0.24153275483399747,0.345531106402105,-0.4192275872248511,-0.002522374267582009,0.6146986159489497,0.7470367439270358,-0.3289323287963678
1,-1.0406363952636999,-0.9785826005356573,-0.3197036550201348,0.9031759326223661,-1.0826505997172815,-2.721438862734904,-2.1476365712067187,-0.9239311470698893,1.3511717324758628,0.6038361793781006,-0.41699202251916667,0.33163405018524605,1.2316302700853448,1.3532737687230603,0.009972229401909057,0.02388690714661426,0.3053328586418701,1.5466267096960549,1.2591686884209925,-1.7829164015604249
1,-0.33361871015889427,-0.12033429472394362,-0.5629312353175896,0.9275087356405309,-0.9036979184677065,-0.015578025903972177,-0.5804310414776332,1.1160693155219188,1.3390706477339045,0.2905045973958006,0.46079512400190853,0.6774123346212789,1.0917093799865063,-0.4583570786097693,0.8755136927443047,1.3157982110729576,-0.9071231867764515,0.5942783033211831,0.7787397547371953,0.56296128987197
1,0.9566672424845671,1.23261130245944,1.1070781868235693,1.0383243052982594,1.8976003321127577,1.5946458346162338,2.1246980927825776,-0.457256852039541,1.0988823989567862,0.6772582585670177,-1.6736252846654152,-1.4578781646603143,1.917917013565243,-0.8687648097938631,-0.2586557667257811,1.241891398658941,0.9089192961687661,0.9753542662017396,-0.9973791553622979,0.22690106866632423
1,-1.5274758955108867,-2.099184603417632,-1.4174534618095638,-0.5811777555821369,-1.2219550371832573,-0.21006526918139604,-1.123052781578468,0.28219371919230396,-0.5004377679885516,-0.7342719158719997,0.7362441013451013,-0.3498604698821003,-0.26030233077110276,-0.9584454428855692,-0.30547023621622854,-1.3695163865966788,-0.010955565587439185,0.4241868276609832,-0.09914313521995137,-1.18599667860638
1,0.31166826314466384,1.0111800415143035,0.7402361254618595,-1.336418656546851,-0.8975762855129052,0.1881647524219963,-0.5609830184900401,1.838435192392068,-0.1373774585041798,-0.11007424846457263,-0.28030282109210936,0.5370973086344301,-1.9007775031823924,-0.30285231446299055,-0.1748285250066187,-0.059037123698365467,-0.011280002557485687,-1.672744234044703,0.7374243073949129,0.039302770245077806
1,-0.1543637463171747,-0.40199868004120554,0.03524987656394398,-0.1602677301970926,0.6932142930795886,-0.8458245106273318,-1.1882197636768417,-0.5863684443015907,-0.17634511882597662,1.104926890105822,0.2876443055514023,-0.23502942649020117,0.850051113723017,0.17736627203256555,0.06864111663432064,0.30861353298355565,-0.6501292479050914,-0.649791888195498,-0.6713535701133516,-0.20637467887099678
1,0.04994776304382959,-0.5164370916979498,-1.2573404382776634,-1.0323826330216805,-0.2340047230701075,-0.5645296328769783,0.5486238146956797,-0.6075290168959445,-1.263605960556486,0.6362072270070207,1.3853488466531783,0.3275217175085901,0.12887216193343162,0.7746591401715465,0.4714152046633991,-0.7894916111330005,1.1294175776805284,0.19903508629194433,1.1342503470681589,-0.6032687776241823
1,-0.16264018541156033,-0.17888429511838622,-0.49428063038842524,1.3974286627725747,0.5551054623488713,0.9684355987375592,2.498599751905191,-1.0227570849610126,-0.8977891434098576,-1.4387223522983197,-1.6173107680642038,-0.1497969158021729,-0.5071413968313261,0.8725438570684646,-0.38587142384318796,-0.4187145815540972,-0.27271794078028616,0.010634932939847422,1.6711418135759295,1.903167436422936
