-0.8786982569857684,-1.0444326997216176,-0.9948315477808826,-0.5402345500032013,0.388392619800241,-0.053121398828275795,-0.28828466827420157,-0.2927266505088842,0.0007558271127038551,0.5366294008441517,0.35153968496334814,-0.0064351971793004045,0.21457654270751655,0.7445691024862584,0.6220402526098239,1.154033058998988,1.0025800465749053,0.9469083074107293,1.419174035899117,0.7348031489836843,1.2478509125260542,1.1763252579309804,1.2137166748891637,0.6645112097961685,0.6330700220840599,0.3291999378395445,0.27578804008749336,0.6713775106962688,0.9192998736281548,1.2935911564262979,0.7407273535692257,0.9246698178826432,0.2919346298077046,0.6797106296334924,1.0250089523500232,0.27560687307193876,0.3516506998084316,0.18636843314159132,0.6719884568215427,0.4763303560961507,-0.3628388523742964,0.5655111022277057,-0.003181542730243427,0.7497449255575631,0.7450539645980601,0.43492440847252817,0.6355712138722499,0.172085998063243,0.2321556676315235,1.1841466018799531
-0.2565249964982047,-0.1160476683405387,-0.939652763094597,-0.23726497331528779,-1.0838429483340162,0.09689291450127839,-0.20637431173475015,0.453107233792368,0.6234151459078742,0.6865052199270183,0.5534054349521738,0.667045401451327,-0.020237852165188065,0.040503896812345154,0.6690232044623133,0.2697555427088068,0.5896122439242351,0.38644918166909253,0.6193237195749302,0.786045298988189,0.2927107000702454,0.5224388331993124,0.5868596069651052,0.16292614648904485,-0.6698069722399826,-0.43424284476736336,-0.743223963567763,-0.8778776524355468,-0.8438654573789519,-0.4798019827882669,-0.18879200736060003,-0.24512860126986208,-0.10397187838965173,-0.6452575111716635,-0.8588225814972937,-1.8360198060525417,-2.9180648983085153,-2.8205058366145717,-2.275987988843163,-2.934915674812718,-2.911720751365258,-2.7280238024165895,-3.7123323447038463,-2.2499384580247543,-2.6985225758593248,-2.610742685141379,-2.2129913929102067,-1.938907481405305,-1.9680936582019395,-2.3638252293864155
-0.9256576281114285,-1.7581843779126465,-1.4184300091432795,-0.8359557603997481,-0.7372195007812742,-0.9036291908862124,-0.9611763641792274,-0.4529631224067849,-0.40765731800151217,-0.9591677578890092,-0.5796326395602593,-0.26709362172999696,-0.6418975919150041,-1.2036935872674634,-2.0128559229808065,-1.6042295097360524,-1.3254203479286637,-0.99554695030274,-0.60279104017832,-0.5074043598530622,-0.18610621660881627,-0.6513571251117867,-0.8742938011969992,0.20479463810607196,-0.552762588066278,-0.10700205186940555,-0.32867722890567685,0.22914303440826983,0.14565320879064855,0.10077881397427849,-0.1319405980072889,0.036438939600010434,0.0388934781143699,-0.7394596488801946,-0.5443987305664506,-0.8302177225771021,-0.4277345975782413,-0.7359519989422226,-0.7645427635320156,-0.3320796766881017,0.1798857818550199,-0.22152664832708002,-0.5347036023173747,0.3978890898414756,0.03178421434547114,0.18160681895282263,-0.35687396899356205,1.208846910355099,0.15147782793743925,0.266226674496957
0.8757127345993698,0.7142403058051047,0.23147164228349582,0.10014416061295185,-0.3286300231753403,0.27091105655490305,1.1707689072719296,0.07798280175702312,0.25524755044925557,0.49933432512656145,-0.30286174426372575,-0.38889998887565425,-0.2971731519372881,-0.48504156151507993,-0.46414932575936446,-1.043676292844974,-1.276710367079628,-0.8518280293075029,-0.6064343833156096,-0.4732252420047727,-0.6378236855717152,-0.8590584170759322,-0.5166548148292703,-0.5758735433159979,-1.5569537537000109,-1.4353348123610503,-1.3572709079854248,-1.5572973693608645,-1.3643946241498481,-1.7780805049599162,-1.7126155134642949,-1.614102321343734,-1.3424206179688194,-1.0485519492533608,-0.4805053267130888,-0.30219574427013146,-0.20448745143089125,0.4849544628342623,-0.20019286022292956,-0.1970557659649493,-0.9907769220531255,-1.127270597465268,-0.7662956094519668,-0.7074868900904898,-0.7267139904932468,-0.965903420897256,-1.089788193210956,-0.4400820176446774,-0.46783445737279644,-0.9106793366284895
1.133364861233935,0.9935326217853001,0.8281338587423795,-0.4222458330868284,0.04798676315830931,-0.3160196155161257,-0.25424672366660594,-0.46549634323742917,-0.6992116728841182,-0.25260129237981155,0.07784404127132494,0.3109919039460407,0.48143627325401245,0.22505707863609786,0.4178206341237509,-0.5202539502121423,-0.027897207615664908,-1.3860762011835406,-0.3781086120843918,-0.6471857695517588,-0.4591130352604986,-0.4352634027469927,-0.7952263438982746,-0.3868147103290274,-0.8740139369621021,-0.09815226759444524,-0.4368086525137198,-0.4607247010762685,-0.27572185710374314,-0.34576897592060063,0.12908896764125044,0.017034920072224194,0.10636717585352633,0.4016608595718167,-0.5627456499586223,-1.2346125441161997,-0.9249773868008597,-0.5220038815272123,-0.8550468243135642,-0.3331207476272947,-0.27555799739047276,-0.3002905693584015,-0.6612858261248248,-0.5826381829640923,-0.851878106426074,-0.4912441472955682,-0.5306491926453714,-0.5014350381916765,-0.2508744650840735,-0.7595660528697242
-1.3535682683627022,-0.5478800794937209,-0.594534977780053,-0.4756708862557053,-0.19402518699098606,0.4205209148483019,-0.24910070760987357,-0.1577258924094218,-0.24432213954600945,0.7399473192465533,0.9358354678663351,0.4025075286068312,-0.19285835944686794,0.33557318349530124,0.6550598252851159,0.14985468269905952,0.405675299428348,0.3739319277158636,0.447936481673337,0.3541986720948879,0.1872224335836438,0.009094440568621676,0.5524354360721414,-0.4376070045265661,0.3893961807274764,0.5416132310465862,0.9526195830260692,0.49003294369552697,0.8630500693366232,1.0195332685886123,0.9873766248095841,0.454956480905458,0.7991778396609973,0.32349089907679823,-0.22724716855161922,-0.5644148788530828,0.24844457600172598,0.26544298006470596,-0.16936335963741142,-0.27837342078675986,-0.3718587605578194,-0.8835262845151675,-0.5368275465038345,-0.48617760591435616,-0.3007732754393029,-1.215914248614089,-0.39934063950139503,-0.13692230708305725,-0.25118182105071624,-0.42161657902236543
0.42055155764405844,0.5599116768022572,0.746936168549343,0.5506378564832058,0.2013978370107038,0.3921098059323323,0.5597192476438108,0.7837611453638098,-0.7505258801978026,-0.823459173741163,-1.134416293841021,-1.8110137070120396,-0.9378120714676543,-0.952741587937908,0.033324131368983954,0.1410508244353366,-0.09639886568078099,-0.3588065711351896,-0.6970116455939008,-0.4412515737723836,-0.11468891439276267,-0.5653222021433282,-0.12571928333030827,-0.3333647777908439,0.24301133311349654,0.06319473313701951,0.5152889848536789,0.17409150779494365,-0.5770345376301134,-0.8449239905348428,-0.8160300441083788,-0.025104992994126704,-0.32592102219446284,-0.3520862970470988,-0.531370793750728,-0.1516661513499277,0.8174326775750613,0.7145396347024836,0.7878560546846447,1.147045516920632,1.1085104823489371,0.3835558584602227,0.7655874098420873,0.1427585490784288,0.44412461479698623,-0.011998966239764266,0.2948193566425107,0.5872387614407902,-0.17735536720827458,0.20146522919891693
0.07700204162897259,0.055895889993711395,1.2273536160586662,1.2513094003091223,0.6369048757810175,0.392600801226895,0.1302073657238981,0.05303309631227873,0.33694462808316333,-0.527609220344519,-0.15756906948867305,-0.35184274222216544,-0.717211945650859,-0.7745934300282077,-1.135503109866109,-1.0822287153067536,-0.6509326054172524,-1.41347527001827,-1.095174173043206,-0.6533194153701866,-0.9551825118003929,-0.8128504067849488,-1.2330755444266335,-0.8515175892855305,-0.03298128632167681,0.2917316370232933,0.636189982320232,0.7703344266371894,0.7944195598483376,0.48464623899412734,0.1342596896051603,0.3066851226827733,0.3046422660242438,0.75591269990437,0.5217605501138699,0.9628822822943051,1.0497652894080598,1.5045762921352335,1.0969320866381977,0.5991874995444644,0.6917435649941235,0.6553330726764175,0.7919319174495469,0.4550757384648735,0.3862853161495529,0.4598924157032744,0.4105284064748868,0.16908481185412377,-0.16640311811302275,0.14436740293579617
-2.2277157607134637,-1.6771312023734597,-1.6704317958882013,-0.738556529140494,-1.5017046454105325,-1.933828845800555,-1.3811866305157665,-1.045767771125862,-0.7396195631960467,-1.3657504696140053,-1.2179656267152317,-0.03143845872235496,0.2503634502440529,0.36887724348926915,0.9114478773868621,0.6843914567400231,0.6970532221508737,0.45903696074058803,1.1426811577816192,1.048066098496879,1.1901987055301517,0.8623204757359003,1.2776620336616789,0.3694155824180076,0.6390896109678519,1.1868843198990409,1.044528282386665,0.5479075072043451,0.8998333830386429,0.7105962826257182,0.4464102886463615,0.39382658632745104,0.0199493773705946,0.5777579002279138,0.6826026708084233,0.5119779764224595,0.5762116357686549,0.16261293014037143,0.3238315986123842,0.4345179569341415,-0.5662481866561544,0.14750533094702403,-0.5112023283657112,-0.33812535082600237,0.24943808892818053,-0.06943544987525052,0.24433261688079747,0.21458862658546746,-0.04605613413922182,0.5290855973624926
-0.6980602701269639,-0.24146892573941234,-1.1010757860919942,-0.4623414086731606,-1.0467245264019722,-1.9116634894466595,-1.8383753572492694,-1.7205917651795652,-1.4836385690737102,-1.298719884898833,-1.1053072553176466,-1.1522470257389867,-1.7611596314789475,-0.7761703500647427,-0.004797431472354673,0.05627959866297277,-0.110673350201398,-0.7875985431260312,-1.183759120684318,-0.23322205352288214,-0.7315123881316419,0.08154518591760682,-0.46082865086624036,-0.9245796793357318,-0.8523651667282991,-1.5953377652885778,-1.3331005894709846,-0.513041843955801,-0.4462648545950259,-0.015707580652487396,-0.36517769759978147,-1.417837236935811,-0.8131865474073688,-1.1689994491222921,-0.44570604362141736,-0.3799177657338989,0.5733856983078794,0.6684173356637916,0.7598992042245056,0.7922532227893906,0.8282905292715717,0.8337085188266645,0.7801009122969405,1.0414180030306535,1.1251267086823435,1.1635522168345407,1.1630184206366263,1.160442446111719,1.5364285829050863,0.562514909005327
-0.15355166326129288,0.26832624978066333,0.14691116217076117,0.9000526184650463,1.599605570412304,1.0489831564858185,0.6557777455745477,0.8148481344971654,0.8416422954191246,1.0757934364498638,1.4712786292096176,1.2668436714009288,1.3980030177477962,1.3428404517042807,1.3086578714828179,0.7597820769339693,1.1387820937626627,0.8880503668679369,0.9492925532223132,1.2809964254637471,0.46663798493405073,0.9421582806973395,0.42168329772898755,0.57963294814704,0.23107877871603427,-0.035214446389147676,0.4235165241093562,0.5494400574873265,0.4097969356413881,0.1537656505111974,-0.08519732756047789,0.25053662797078585,0.2156231005252605,0.13997796813690558,-0.46312278603552215,-0.622988883498956,-1.0512977233106826,-1.6478767408519945,-1.552310063157819,-1.863933136161523,-1.3763270114909194,-1.4124775530161686,-0.7004644975968602,-1.3176105988067224,-1.122277436209751,-1.2211492374837791,-0.8226452690206066,-1.0176891917765383,-0.7365011913666727,-0.4983964735435526
0.9716860491694062,0.5287185215126531,0.7821985417276334,0.6679452871266562,-0.21953647693724188,0.46833740916637023,0.7404150480606825,0.5958359182115027,0.7142328477886661,1.5348553063677524,1.7892051129789468,2.1997056665578754,1.819949693548682,2.22629392680283,1.0961212373930092,1.2959492904259597,1.1860245498982738,1.1487926638942756,0.8127205822056951,1.266119675270691,1.115121918264121,1.1107897708410466,1.153772064814066,1.5880175537768086,1.4293117351579843,1.963964210491474,1.75589742691298,2.1585812920523932,1.3461405130443311,1.307601631394967,1.3683341529412376,-0.037803235978170875,-0.9761280909617049,-0.7343907516881314,-1.1760909932111185,-0.4181189886981285,-0.6222101662959773,-0.5114345413979756,-0.5480769638811561,-0.15579906132581817,-0.4511982342168224,-0.5445217479858817,-0.6996311235946631,-0.7589368273968572,-0.6717215545358376,-0.9557151407166361,-0.8998213810466231,-0.7136221202113552,-0.373262118418071,-0.322499568167606
-1.4732811289061385,-1.4755523202465712,-1.661936210247424,-0.888983908316052,-0.7103431985476284,-0.47435598888816116,-0.5266890384628636,-0.6408408660532715,-0.4801766424207756,-0.2608068573210165,-0.4021136083745287,-0.18101038969045594,0.01578769144441896,0.014003026703121847,0.5661857356280086,0.3132463772873835,0.2569917882396437,-0.08261208656705897,0.6674530356364883,0.41391455033539437,0.31210366290764974,-0.31096492602090137,0.40929204077491316,-0.4667817039937858,-0.5324285487153594,-0.3227976532226645,-0.03164563608248354,-0.004924325563386735,0.7607818270913781,0.3353663789492047,0.7754538877456049,1.458736045481629,1.7943000117849497,1.754460237224667,1.8232013969742094,1.5963741079458813,1.812507274633557,1.1154820179675697,1.4007392770116436,1.5785494228339263,1.7332442858408292,1.8096416964019493,1.5846534115325746,1.3034372477981258,1.4189352409682774,1.699774391464781,1.6540416761952068,1.622115946318103,1.3481350876848475,1.1369691815789484
-0.4355828969663693,-0.9356164416093353,-0.8467577170701799,-1.269364625265511,-1.8484025725861462,-2.0143578617582243,-1.601388796437938,-0.9155793511018109,-0.6218997295449744,-0.3354575959290394,0.2513885102429583,0.8130072712704293,0.9348354479950751,0.7880396792297183,1.2499681734284234,1.0372097392547817,0.9450110641039271,1.2178013576782294,1.3166920260937809,1.1076092676951985,1.1126392991371012,1.3339338608917386,0.7273245281938853,1.4054742480242925,0.7469084179201062,1.2047141687174567,1.4912108033093565,1.9520611917799362,1.575652332896126,1.4580926185999565,1.112557575638755,0.4537163596664048,0.9294394134552528,0.6487635811621733,0.10998901352131159,0.254007280307172,0.9109633007757928,1.5006280841866677,1.2812825168639344,1.2148333208326318,1.2143982437817262,1.1164353638007811,1.786530640831171,1.8108073386118815,1.256812848630707,1.8789223447854961,2.066408108650407,1.9298916317419939,1.5526246666244468,2.3863738176873794
0.6167593577796951,0.6409992778805921,0.043435927252406956,-0.12382646630050868,-0.16013593264072593,-0.2493523475688822,-0.38510858899674594,0.3661118380697983,0.17742706213667425,0.4884375153841242,0.014865458954678784,0.6883446150881762,0.8843594420450079,0.4244743282446668,-0.7494998904299321,0.11885761189044027,0.08899978561118108,-0.4898333777917164,0.23876999778757246,0.2731506682451402,0.10357040892867665,0.7071622472024248,0.2820424808670628,-0.031113241579359897,0.36184214678911986,-0.20736153311284475,0.24246077572541422,1.1585324052597865,1.1312270753674283,1.651031344315971,1.7389570336697415,0.7719968084277016,0.14943017350475418,0.1520208229503236,-0.052449352668836234,-0.22178312327717986,0.4606904364223149,0.11756311537360353,1.1375848303310383,0.5228670181603271,0.5347606631906775,0.42500734524486206,0.34115676646731236,0.6395120036864428,0.5013991055319935,0.27542982308145725,0.5921346507954334,0.8435361745051903,0.9727678991902984,0.6029155278282364
-1.2117253560252967,-0.4114870587936905,0.16137646777230105,-0.2065406953271189,0.5542042758086378,0.7991436476795158,0.8033486355805298,0.7900783216450624,1.297159864890694,2.1187614287578156,2.3546008009480706,1.947428276502484,1.6838232169447354,1.1568326678185652,0.8346271773118729,0.719279485136453,0.5934702980801405,0.3344348160364525,0.37575533603023337,0.4996809132592855,0.3228298699687109,0.5864752132982299,0.443792474562741,0.47971902525399607,0.6079831707336365,0.22027160287564604,-0.7316137133191821,-0.9912099191378788,-0.7362439364837698,-1.2046245106457578,-0.8166480746877367,-0.6408359618327261,-0.7596853269062654,-0.6878080714480297,0.7304004957628624,-0.14951708580220113,-0.5022165788895949,-0.5464773148477279,-1.2673155511652199,-0.8386940527379348,-0.8704120347923289,-0.6093657033431433,-0.41403517667807305,-1.0981845217489439,-0.06790500887742237,-0.6461570205321739,-0.6686900277398243,-0.4049387742134465,-1.188545849058938,-0.7691705081058415
-0.5931542653850806,-0.5848063406574724,-0.3922823421844145,0.20804185847056758,0.506006840480901,0.5473995256936236,0.2859181305805745,0.01944165521285269,-0.32083585046075586,-1.2925510844644148,-0.8150167357055575,-0.656976395949958,-0.6092882582369067,-0.167230834719862,0.7592334426878811,1.235370260044005,1.140470458064825,0.9133076492886658,0.4951798756511362,1.2467819921946974,0.47317931789599826,0.31409123525454913,0.5737846588675848,0.49935542111873915,0.8483022158216914,1.1691003631843118,1.5586513765514327,0.9546812778045871,-0.22706948540409508,0.006212097495107067,-0.8480821570076635,-0.6112545971722614,-0.413421773050084,-0.15290146438661997,-0.3491731468730609,-0.22466309971914333,-0.51606550723768,-0.9419832572330883,0.040684448751559375,-0.39903551565381734,-0.6632397856325473,-0.42094758315972125,-0.39532953733187276,-0.9230524486579442,-1.0228868087024225,-0.8683054340983934,-0.5169623933457318,-1.0884577988112554,-0.8017149303562408,-0.7630078954139164
1.190283444639269,0.18190373571664334,-0.11086382669662256,0.09757933277383832,-0.08472283772442722,0.061676100104000244,-0.510727032444294,0.4393117379700515,-0.06562673085587054,0.011909677087445291,-0.2871176996306856,-0.58932745524336,0.33510836154659407,-0.3337656230384104,-0.15704141484710835,-0.3978595460893681,-0.14445056867198977,-0.4729866995276536,-0.5253021063090795,-0.34243314589274165,-0.48965987892958046,0.19917192008231993,-0.379186448858884,-0.48408043386239313,-0.18453833547353016,-0.22555797620803383,-0.5821309273936017,-0.4046887099382029,-0.29804791528853264,-0.4948609785197277,-0.3377759276720255,-0.9418291544751506,-0.35487590781759315,0.34898902019972183,-0.5891333909487118,-0.5945374366393638,-0.9988739764990503,-0.11330491949987462,-0.013480405339470114,-0.3006796444908817,0.0034795878689828433,-0.1204498152253056,-0.11318311848028181,-0.11073192876797561,-0.005509968632071541,-0.03162682713297321,0.005192287769932148,0.11133672746595524,0.1402104015550313,0.011508336171920066
-0.09206070480370225,-0.329393050751118,-0.1587779354688244,-0.04764767742016026,-0.07803143790091815,0.6009484517288948,0.2755962338025105,0.8866451777003087,1.3327956979363706,1.0146012211881266,0.7858570454467956,0.31294060206331803,0.35876063297755256,0.21650542516535703,-0.26009002763927347,-0.03144306363612687,0.04758305527926087,-0.1691228598269239,-0.21731147520043084,0.08363334336156385,0.02174906316387744,0.3016304351597071,-0.32971038965042226,-0.040020054209976084,-0.13925494553447865,-0.032933946952000775,-0.16398471603941261,-0.666859435742916,-1.176953684560456,-1.748571457333694,-2.330512668087378,-2.4758929815062127,-2.3294672919566626,-1.6018934728831709,-1.684748496089776,-1.1324484576558276,-0.8540713183886269,-0.8189114799125313,-0.18181256962708278,-0.5881989741205437,-1.2996125897706627,-1.2162891266507714,-1.1176275181503679,-0.6775690272279795,-0.635019289495015,-1.2397949180251846,-0.9150350521095794,-1.3508975406964234,-1.210777639648291,-1.340520542993303
0.09007935253799469,-0.7072737772597427,-0.16434834042279772,-0.004662061639573138,-0.3852487453274868,-0.024601200890857277,-0.7567703514031069,-0.2842167042900774,-0.036064100559354856,-0.1627846227727889,-0.10763206235452884,0.01627429828628577,0.6485187241886157,-0.19351065471644402,-0.26251516650879286,0.5461754049281402,-0.03721069990180499,-0.272268783223767,-0.20393774943474113,-0.022060755481458312,-0.13486494388292322,-0.6332787450080782,-0.45239024759063234,0.19102950051097486,-0.1287927685438387,-0.45385448619242197,-0.30740470044397056,-0.578972313454797,0.38557252542658593,0.5198280490703782,0.6209073684317241,0.15483744194640411,0.47194911057836036,0.4558659344135524,0.21135792534251022,0.2720092436122109,0.5570741573882421,-0.13477769151002664,0.051677657905738174,-0.3514235858007595,-0.011912348112052698,-0.20370051507763745,-0.25712543969842194,0.1558149469014874,0.10048396011227542,-0.15898317664210077,0.20434452274061074,0.021153285046495857,-0.15628070941954963,0.0540709349064335
-1.1482219921779295,-0.3203083967386618,-0.014279331795771196,0.23135438606744993,0.43075371932739487,0.6929932438453376,1.073640821165292,0.6404522627876753,0.4044646880543235,0.8638217808795714,0.6228631650740268,0.4806517333819265,0.7662027367781402,0.3747702418638276,0.1714604938770936,-0.1341628736292263,0.5231011765759345,0.09426730022299157,0.2530845934222235,-0.7213287895057879,-0.23482964968283573,0.0072430318218055624,-0.5383432654346664,-0.06676165739269557,0.39439648492981627,-0.28133664432153466,-0.7142367138968049,-0.365612044329625,-0.537012471859845,-1.0641801482811604,-1.337411065661613,-2.19140558577937,-2.149543924496359,-1.6939352726225698,-1.3653162510172272,-0.922272875841168,-0.6122215890396927,-0.5329519305547623,-0.04183611584192917,-0.20306927438285924,0.191672106674193,-0.4910800297968934,-0.2150268141962109,-0.8454976215323354,-0.3953385863994809,-0.6516053940937508,-0.24187346465086063,-0.4512563539745454,-0.7451969817754931,-0.5522558645157862
1.430642845880292,1.0692493459414496,1.5043002931872895,1.6698822083208487,0.9633018975443063,0.06189567333458109,0.26563437393457684,0.5526988067782841,0.1766942640614366,-0.6101575852341229,-1.0754979994411495,-0.5369164743099551,-0.2506266734834515,-0.6100630659855961,-0.602182042124233,-0.878746613183644,-0.949088034722548,-0.7421750093763463,-0.38421148597520444,-0.6311498629377725,-0.6097033600857836,-0.6647292835381755,-0.5057220893917453,-0.2458921911084435,-0.09503607498495574,0.301489404829423,0.3528007957628583,-0.04668878769262572,-0.48462247680161963,-0.6937952749613528,-0.8370173033577909,-0.46494565807027444,-0.522718223190518,-0.589016126857073,-0.4811937327602942,-0.9408309058382047,-0.39883996662775745,-0.12784658222276737,-0.02400460671068732,-0.040419881302245726,-0.3370878000642385,-0.07143387186466259,0.5513381884314088,-0.44487023804742043,0.05640760840798796,-0.23644512599495654,-0.33379726081679195,-0.1255392410857397,0.038692776188166356,-0.4085752117204699
1.526402196006315,1.610262990416999,1.7312049775538623,1.1144431388995517,0.7219531263157655,0.23851448098229217,0.4453366704855128,-0.3076913457605464,0.5485950366841236,0.9460164337576638,0.5081037689495073,0.8474711565890349,0.9117660043324436,-0.2595812927624286,-0.02086436044758554,-0.16720342582729028,-0.057304381413955933,-0.575494976424318,-0.7829826599490638,-0.2436396854911682,-0.504796818796214,-0.04340347788108119,0.13959240549361795,0.13693388325844,0.34971463337959585,0.8627363486807381,0.5909495553634261,0.8966845697817898,0.8792499212077205,0.6828374773911561,1.3600418665475231,1.219389761606321,0.9100681993763455,0.28774350299314727,0.6508735295721457,0.8043671662063825,0.28995488992880536,0.3488969532336909,0.20291773107244265,0.07152301943920587,0.07846186537859205,0.5607762978661827,0.6066624292011806,0.03771033866931631,0.3602393531146579,0.42885059193599556,0.7541890512621572,0.6829360266263896,0.8907715050136863,0.14900038762542303
0.04374415407504576,0.4147754210254388,-0.08277680314012888,-0.11208255513122815,-0.15968899844671328,-0.3312199670807406,0.2046529557568057,-0.5349206754848497,-0.8514759810639001,-0.4419305712157544,-0.6834074046107018,-0.9902907622826745,-0.9507411672233046,-1.292277728030751,-1.5644579195364445,-1.4678684014039605,-1.5017281629193917,-0.9663571936592604,-2.4284685817815896,-1.3840608393632163,-1.1941970834499533,-1.9589321425592383,-1.6410674886150975,-1.1649832452007083,-1.056805023049741,-1.3725417189827478,-0.4632842493106706,-0.7664334673026355,-0.3267526574657317,-0.6957979682037634,-0.20017370494714642,-0.5805878903586602,-1.0233368305782478,-1.2020981098582288,-0.895911079603505,-1.2701105401711976,-1.0970974083372633,-0.8513190975138938,-0.6172472398501748,-0.8625778474742286,-0.8250803668541555,-0.7785663185098215,-0.3303446362947465,-0.2544031409751287,-0.5886728376066043,-0.5815964998672465,-0.6017035697027009,-0.8294299024303734,-0.04871335369705606,0.07718356773597454
0.4552456489011215,0.14093855097578564,0.19789102178593504,-0.45093717366298297,-0.6554420405420878,-1.128137380430699,-0.43430403808568735,0.05815496287045262,0.006251606012587902,0.5599382223793755,0.7578531154176611,0.2660697459171128,0.3229542635700333,-0.19512909532912748,0.1976979795294919,-0.5574775202532903,-0.08289893913890048,0.27208873886402024,0.003072249824022847,-0.15503206838360953,-0.08824651298122538,0.07136445640181766,0.008638228790664974,0.4826893023124213,0.46397467885123556,0.9530995270892703,0.059093062217974154,-0.03955973771536568,-0.12518686688075745,-0.47431099109410474,-0.00022766941274250573,-0.3590532937115935,-1.0397916951106598,-1.024789165620416,-0.8571383146726544,-0.9969673521467406,-0.45844858564842206,-0.01809932119864824,-0.6265805183836093,-0.35554669828538876,-0.36041115810344354,0.095836727915605,-0.755908540033518,-0.33278395643606995,-0.08384105491504272,-0.2828603061412606,-0.010096670126902936,-0.3115554701743367,-0.13516021374440534,-0.7426354044181902
0.3251416761284951,0.932320791844136,1.407303770966532,0.800118662481077,0.34459959434962967,0.21545327668627082,0.056435215234535915,0.919401366544975,1.0303201014905397,1.0876175810321411,-0.2026836746807347,-0.15887737502740434,0.13819357900004145,0.04324342593492978,-0.17851498147737327,-0.7107451296582042,-0.3117875821173996,-0.3239403720723968,-0.35819178966459664,0.015032778955171978,-0.42535276826358653,-0.26564167486839696,-0.08232845589532034,-0.04419609407221988,-0.8182505019917269,-0.9930171627058277,-1.1452807685430904,-0.6828984201314623,0.3095356774801095,0.30697065483902547,-0.1751520786290897,-0.20722369651395173,-0.31490966802522985,-0.7433855762053381,-0.5441334539448907,-0.42716082503409175,-0.49417256411897287,-0.43876335415871387,-0.38841977911736486,-0.8837102567414237,-0.30361221602307736,-0.4137925994929858,-0.41813696736326017,-0.421300353400715,-1.1527023049505467,-0.7219402266583003,-0.46711832745193893,-1.394136376839957,-1.049585001388463,-0.7082676886287947
1.6138668318471465,1.1722741012619522,1.2606709880632592,1.0152543283817916,0.817572136416148,1.3654859871035216,1.0315861451049233,0.5056363144105537,0.4933523839302129,-0.5043792577030463,-0.8351473030491079,-0.9012630126886081,-0.6996914554264752,-0.796112607087831,0.40928712753275137,-0.04246692721388423,0.2339096860653393,-0.32853045291570826,0.15381931657909106,0.08850385851802584,0.7775695539505827,0.07608611634147894,-0.39022992504691606,0.12592097486275816,0.18655009144640317,0.20384275952053169,-0.9570554093471585,-0.3434636023049893,-0.3923617684175724,-0.7595014826426333,-1.2817185507187687,-1.1636289820051562,-0.741046211813705,-0.17656605466824896,0.33342812580006376,0.6409001883362128,0.39553122368362237,0.24703048710830972,-0.033946984880689465,0.377818010107498,0.28644932772950094,-0.3991849993606388,-0.04705480740727286,0.35001557619486007,-0.2917975733667903,0.4796028540229173,-0.06605081185231404,0.42180480221433525,0.044454818476580865,-0.1936528193934272
-0.7104258641518465,-0.5886873784001155,-0.5755089621379763,-0.2780999622943274,-0.6191090929455195,-0.32500382240272085,-0.7641776195877762,-0.46804850134166454,0.09672047815987202,-0.6277868650240452,-0.14213249141194742,-0.0681398631613995,-0.5039138672745177,-0.8619741122496495,-0.013392375419638461,-0.6389551304857837,-0.0055604725145177196,-0.8070748249906322,-1.009562337700901,-1.2004528548766222,-0.9858672203528648,-1.355449702612017,-1.618554468136967,-1.1736005154745,-1.5746673283378934,-1.1755638317915533,-0.9356610189761825,-0.2889472832800068,0.17848290173718395,0.17696361373293978,-0.22722155649072032,-0.8007522842043848,-0.8026593472643538,-1.2680380897597299,-1.5254353950510358,-2.3402604004109193,-2.04102339244699,-0.8692809460605104,-0.31638950660315457,0.3760618833402527,0.9877522739160709,0.7696927845105919,1.1401210801174766,0.7179247061702996,1.0643425509098867,0.6045556240270253,1.2013365469850465,0.6171161997699242,0.5574770032399173,0.8952813794824624
-0.8897158595152347,-0.8732691346677509,-0.742999493879459,-1.1481382741811952,-0.49726773241493694,-0.5799248301669967,-0.4616717541371825,-0.4596341028896533,-0.8875316940328288,-0.933345280516895,-0.6864049058206239,-0.3527117710175,-0.35323333658079353,-0.3862492827029834,0.24736572586372493,-0.29616330147225234,-0.27765341235110286,0.2760209136443537,-0.5032956753472059,-0.09295541766313979,0.40615988710692785,0.3977879514180102,-0.2157667919443742,0.224154305385303,-0.12330833103674348,-0.49473920728290693,-0.04699295518344311,-0.9080489673220019,-0.9869732575163583,-1.049615166950104,-0.5794131091917522,-1.069460657626788,-1.7775943859723187,-1.1349246962410562,-1.672993443581237,-1.0016447768275483,-1.1572735627843709,-0.3642183182156365,-0.8855640625516148,-0.4583023502643686,-0.6830053610308805,-0.4807925742371672,-0.9347154233795492,-0.5111156731291111,-1.453306414139657,-1.0037082895380884,-0.7161030869709176,-0.870846848648485,-0.027456979176732302,0.06044536335194975
0.8415931226175193,0.27771700533389204,0.4566841362024928,0.11586560764791204,0.038989359583735006,-0.1982189649778232,-0.14799915953096124,-0.31296480931629733,-0.6604425012054895,-0.6207400487122586,-0.16827012474553238,0.44227976350351955,0.42406374580552225,0.5746723843071171,0.5739733576803222,1.2074892911428725,0.6424464871550811,0.36924015550434236,0.725243122163966,0.00782908217104259,0.3490815528700769,0.6182833554326878,0.6263214926697692,0.4676248367769801,0.4873757717036213,-0.1010160712172187,-0.20290363543961207,0.14135284252186386,0.33086932302641225,0.3216899571525131,0.00543473574756601,-0.7191742847037813,-0.6086827302726656,-0.03500391793361729,-0.9435260325885935,-0.1944967324268756,0.09883713568281641,-0.14426375308350986,-0.2962804740145158,-0.35280626977823437,-0.8085134080895823,-0.768755185998007,-0.9250498182485872,-0.6167100644173306,-1.1648685846211049,-0.728571186380313,-0.5146969811171537,-0.5519463265094743,-0.9664411848438246,-0.6015507474443011
0.6126202998137987,0.46063043178696655,0.67599170297553,0.7353731832528648,0.5959634476177761,0.5050976567526659,1.1381295254256907,0.502152911007863,0.30308039318043883,0.2740712320389502,-0.2707639027620051,-0.29783732845641914,-0.561835309679629,-0.9677496087347895,-0.8193031620020463,-1.1493308024467885,-0.6177614539505247,-1.9289505248190444,-1.14473914094938,-1.5902944884557972,-0.782798684776827,-1.2801331753252274,-0.8145283199754025,-0.7239149672441382,-0.9651169866325586,-0.9163320441226364,-0.5994249794224199,-0.394110460639595,-0.4445735252074848,-0.9698375004404239,-1.4581995461825152,-1.083398724431263,-1.4561868866334478,-1.5141590455136686,-0.6308902412725129,-0.10645476521396091,0.08510215674583166,0.12061840886520236,0.016802987882491082,-0.4635910009481283,-0.4859377362248624,-0.45526363073280024,-1.0401065634665576,-0.36269973310303194,-0.15045923339661063,-0.4072452657630489,-0.004166869166231951,0.20908990187726795,0.5376147767835308,0.4150697240821338
-0.744399875717124,-1.1897499103019247,-1.2536803794520197,-1.268932379286991,-1.1175711354950164,-1.2323451364697122,-1.2903106712611965,-1.0847221052044544,-1.4542278193151874,-0.739516229011605,-0.5453016269181654,-0.5640263535253892,-0.5195736593306085,-0.8577593684232508,-0.8586315674033447,-0.3052829306290131,-0.518188510315496,-0.7461541225728541,-0.22547311417911114,-0.11298258492347926,-0.40347372898619976,-0.3790573762261147,-1.2398386458729576,-0.9766532365415109,-1.4546359213159632,-1.5749335512663274,-1.5310963615339146,-0.9085614052061941,-1.6758758594350092,-1.784031650318413,-1.557161967392373,-1.6208547304011083,-1.7457206966735435,-1.7068889408784491,-1.11606364820893,-0.18566871905695967,-0.07749578977123645,-0.18573128121733165,-0.4028848334856624,-0.6400477800526778,-0.06980426309010067,-0.8585947733459294,-0.27739779310836754,-1.368400646860848,-0.7164493020721903,-0.4287655265245814,-0.029753014553567637,-0.5934480618260717,-0.09741796859600249,-0.008433180997083364
1.6933305923860462,2.401583698647996,1.9089231030836038,1.454805508173191,1.7307743232828483,1.4697678353863455,1.4610264088760239,1.9122590493998195,1.8399576803334283,1.61787153477237,1.2835189439427463,1.2346895457909621,1.2939229587896428,1.1542293461428963,0.7302683484075188,0.712850321265646,0.5337437686533951,-0.027341329078708294,1.0891663870354258,0.27473067995646294,0.7032759352759008,-0.012305210338710182,1.086456704681025,0.9202426407645589,0.8738771598322129,1.0549469908411029,1.4959362459725927,1.5306002168958974,1.5253974860968633,1.3875825174582406,1.3455582446246985,0.7463324926293616,1.3936296448447543,0.7724377536093053,1.1318314695195981,1.243552878228362,1.6861942074124023,1.1226499511729608,1.4577981703381493,0.7307065596696232,0.9345054922237271,0.5420072627244014,0.5350151481168789,0.23799703876112896,0.6496550288704728,0.2726486305626557,0.2755547893318605,0.1918597295467515,0.08382509938285701,0.25718032782608785
-0.46838482251038005,-1.1934407376127314,-0.7319079416748347,-0.1628654023467337,0.0068561290124002985,-0.1512796036827425,-0.4536715635111945,-0.28375733289954336,-1.048682004277614,-0.9099820419410344,-0.6042619952064546,-0.5020762517647575,-0.7439623282749603,-1.2780866663399069,-0.7844549397398815,-0.5556206345071419,-0.5601482262875082,-0.3869459475141708,-0.49807063883764396,0.2592803052818706,-0.28635422294049456,-0.37848540886201676,-0.09326949106400517,-0.47518963742061276,0.01911051064524777,0.33372017224600403,-0.053616055499833594,-0.601394888386735,-0.572649409101668,-1.4218854613414758,-1.0093864977265805,-1.297013167619441,-1.9720698424487508,-1.446523318342397,-1.3542176333466014,-1.338012519018209,-1.492956576287634,-1.531521573426247,-1.2866562284476804,-1.3029491176259125,-1.2624669417185754,-0.9467313830722465,-1.3100352826712063,-1.1748038922894697,-0.9117611918778131,-1.0800093999549378,-0.5812104900296575,-1.6481206436923657,-1.8384085405406112,-1.1533321602743347
1.043051051707747,1.280481063812055,1.894662372569505,0.8414871293767473,1.4361868495640626,1.1504350267424817,1.1057670091828198,0.7570738163594538,0.6678645238005145,0.34282532046624753,0.09152692403429256,-0.37881513075038414,-0.21313356785008233,0.3493049375528096,0.42952703822865135,0.4214238077560125,1.4148892448068608,1.1788195997952606,0.8301749782117176,0.9492432768972574,1.3144414000544788,0.82259255760961,2.0408236452185387,1.4032519013287128,1.3779708725835678,0.9160244247990962,0.5336424241754066,-0.07020785351050225,-0.7249622003953797,-0.2891765775412013,-0.43095397641020977,0.3745927012960287,0.568907399800635,0.6376616381019834,0.9171427440418523,0.5593943985861323,0.5369040330863689,0.5636653128389725,0.22187634493264263,0.5035983227197911,0.5839434698222822,-0.03847529542780878,0.2814721713395139,-0.06730746981204454,0.20935404712386116,-0.041480327243065475,0.8407721112068937,0.1735801166071183,0.03255550260749129,-0.01855169267852501
-0.6009628181359665,-1.1029347074295182,-0.9614509337432259,-0.9210989782885552,-0.9335637452107456,-0.7259642294358298,-0.983975821675798,-1.1709251723411045,-1.815541714332817,-1.0635249115495486,-1.4334455945228926,-1.1301814013327265,-0.3319027498903282,-0.45310255439954145,0.3278856207706007,0.7377507632558828,0.8904997694679416,0.6955847601505075,0.7672149814803382,0.5843814068938795,0.6620269949376383,0.7452942317256922,0.5707297438363906,0.11086667215944795,0.3263973713126092,-0.3761999560835822,-0.3589729755178055,-0.2627129062685023,0.2967952628642598,0.624852847388696,0.5570531637246827,-0.18790596056066344,-0.2942581535567243,-0.2822738192950761,-0.3967161683026027,-0.8867642392928705,-0.2761105570054054,-0.0810581137199091,0.03043706064186575,-0.7108074455283222,-0.8611823215177083,-0.2894980928755324,-1.2216414310759536,-0.7918706135433777,-0.943126421354594,-1.1732664145056118,-1.1035774396640257,-1.1798913283970267,-1.057774392389342,-0.8842005200384256
0.42557895104219984,0.8793542653342198,0.7220675925045941,1.010480188424925,0.5239605760019355,0.9931925874987407,0.9311351701450862,0.6947102749083374,0.2411425283417479,0.39722889216347745,0.48712813252964904,0.6838063294928642,0.8739221853412801,0.5951040898758054,0.7240069810844677,1.0073172999185827,0.43626484248582076,0.5887024692191316,0.02509094523503214,0.7023457744531173,0.9196653316012571,0.3719349662276689,1.0112052596277716,0.8334668338673724,1.2307723763784557,1.0429964781162997,1.0047873073139737,1.198367256277322,1.2921475296110139,2.1012173393013622,2.9914933100142735,2.872897694478521,2.219267825867691,1.5410747813325798,1.3601156751725552,1.817205602155056,1.9475657296662285,1.5349642144063451,1.5185488882502787,1.0222365992050388,0.6284622537461949,0.5611898856757375,0.13178995992845743,0.6086562092848903,0.5311720809127893,-0.1649474392742944,-0.3795718832113867,0.4316102871619501,0.5740534374235611,0.5010468728879501
-0.5104557553155658,-0.18070860196069927,-0.3403169075987775,-0.285022960088347,0.004298366859266349,-0.3862017883577443,-0.9327461372060719,-1.2064456357608508,-2.0013818547921836,-1.6312158393063751,-1.74060808550967,-1.4481039377637364,-1.4591515392869772,-1.473561445613621,-1.4249257906393695,-1.6398308633960568,-2.0721191853601586,-1.6778477059481247,-1.514811745411803,-1.6168511553315976,-2.074748312102563,-2.211992986357464,-2.1387185285637695,-2.3637485643096436,-1.8660657008638775,-1.239385142252517,-0.9667082685564207,-0.4233289207165136,-0.46159284817521684,-0.12274520205291309,-0.7485493341938801,-0.8091870360929304,-0.19744164532451025,-0.935455272013705,-0.7776545769053517,-0.3734308052136611,-0.02065223516286972,-0.44555762432658513,-0.14138603455826054,-1.067724132923669,-1.1406154455202056,-0.6364129512438111,-1.0610148070776197,-0.10711810539529272,-0.48232841898309675,0.07619304471197612,0.09289447174042942,-0.8443949664366609,-0.8496803199185197,0.41523354018278236
-0.5142627793739613,-0.4828033284355711,-0.159742078798276,-0.30039789212205315,-1.0454458951878323,-1.595244917396375,-2.2764337589700223,-2.3795499141484244,-2.7304838950746646,-2.404639320212274,-1.9780111021396045,-2.070148126002346,-2.412621359739198,-2.3221235644445803,-1.9489022528839044,-1.8351696389396992,-1.1304988067992943,-1.5876997024535493,-1.2998883413775146,-1.2982589078300555,-1.678342892304337,-1.0887257086784485,-1.2894625258569608,-1.1331315591324365,-1.1257496067508346,-0.745983541358766,-0.18039590572902528,-0.7885629188780605,-1.206581979165067,-1.5761089814990976,-1.7635306711159322,-1.8626834137749346,-1.400903552418127,-1.1621068363311093,-1.1938525028825293,-1.2999786497829173,-0.7140366538922711,-0.4144314356133618,-0.5317343906553552,-0.8610334891707412,-1.1797907719457883,-0.7819850397541436,-0.4417243059823777,0.14269099916856434,0.3061368858340176,0.06270363929139258,-0.1571223399986299,0.4617329570209979,-0.19522900804211932,-0.0163595166372133
-0.45650517393371753,-0.6833637620269086,-0.6011986806246687,-0.5203753662373316,-0.728354261408503,-0.47138771631231924,-0.9146141849222023,-0.7105568628326908,-0.6042976179609785,-0.5870202272320908,-1.092432673793204,-1.2260921273137229,-0.9275437600981787,-0.9255994777862666,-1.0897585704180268,-0.5758904754576327,-0.25268171752891533,-0.22637975378449388,0.2690363690009539,0.24926961270313386,0.154948350780617,0.11239234223672787,0.06312858937633184,0.22706530831051377,0.05139339496279897,0.21767051885103827,0.6606694675242153,0.7654634860337897,0.9085687853916863,0.781236282523555,1.1315602579527901,1.1096130080423514,0.898602469913546,1.3386379873291017,0.9716142494123281,1.1362486378633807,0.8688016900052029,0.45286514373866804,0.4140168133925259,0.12234282909211956,0.24123327272398826,-0.13489983672601946,0.04624135650121932,0.2808037059591326,0.2179733230856584,-0.007715736610974099,-0.03554118577881188,0.6686979793425804,-0.6351470306481649,-0.4010599983591299
-0.12614121470946524,-0.9636430550632815,-0.43912867644883297,0.1894941278249781,-0.662423651705426,-0.7179403547205349,-0.1852058324449412,0.27293266804164723,-0.1562516877656342,-0.4803364525235219,-0.9336951035446208,-0.6632196394606529,-0.6225480923648731,-0.19866214878839997,0.016240398643351264,0.07079229420082572,0.5444223606843871,0.31877861338167396,0.36807714690321425,1.2825505663951005,0.5354503568518888,0.5847646499182592,0.6811756028249203,0.739387493392261,0.5882213352803579,-0.3825766458895075,-0.13495116327650003,0.3518127161520464,0.8110264781454468,0.49186933611713907,0.6263948526578278,0.5310545562614224,0.7182196215346849,1.1155833408359805,0.45762891841309966,0.4233456591899503,0.19884435128984385,-0.40874075626857054,-0.14793538988757357,-0.23046553385525773,-0.7599420282810134,-0.8337631307705955,-1.4863456056682756,-0.32801090763187557,-1.0773373089038913,-0.8940568182426395,-1.3834379937594097,-0.995196388021914,-1.4808614035651662,-0.8803873642050694
2.6007454020389567,2.575620923248805,1.9878714665737467,2.133697071072222,1.3919539850701357,1.081805938092619,1.375195759387633,1.202983747057078,0.3488682636675776,1.0764067955892282,1.1196436616972938,0.5625720690104942,0.24733424223087722,-0.37021861669171513,-0.739204874997368,-1.3408590042099726,-0.7068303745938594,-1.3270057552345889,-0.6570946994725558,-1.0333981643272934,-0.3731049252624935,-0.7277397821905716,-0.9182725929310407,-0.8442033141635304,-0.6966228260679425,0.007835241198443548,0.6355411529269371,0.23397640849884327,0.45364149291893413,-0.23202520545789895,-0.35060163639089365,-0.20586786149835007,-0.20481201242438055,-0.28819684817098473,-0.6172246589609256,-0.3449026139820537,0.3246628571149411,0.05303539487416053,-0.460048500041599,-0.9457959404056716,-0.2984126410998114,-0.646445740857436,-0.6243543622048343,-0.8671193461697221,-0.7882913844495592,-0.39634321775132586,-1.1582520783355896,-0.9489309709780276,-0.828286026332145,-0.8794060903940848
0.43206540534117827,0.6705689057826645,0.5385008063887858,0.390905913885836,1.4308357258984203,1.0808973540522138,1.7906285664742758,1.026776957340241,0.35443315679464504,0.24125683354926622,0.7070191719936147,1.1528334329914693,0.3372389485015989,0.3223016033968909,0.3318348416910376,0.5072458093455782,0.5550656329518582,1.4697973591186564,1.0795641626784185,1.2818291043007668,1.2738286942816215,1.5449579204707293,1.8491718314574086,1.1486252693015966,1.7047906802549295,2.2230810712979654,3.5853403451687935,3.326316213070391,3.04122529914393,2.606733981179707,2.0561700854192972,1.5753110630684064,0.7415294982536088,0.6087124830999521,0.6631983299611673,0.660670865255134,0.25981353534338847,0.5201958916711314,-0.05420743604736425,0.3394496881137926,-0.10317320940932413,0.5224523794523892,-0.18118761279598178,0.4754833966032959,0.426730198235444,-0.4559851071346979,-0.3035822150821461,-0.14592600550920323,-0.3510898637008435,-0.3427305693623206
0.43566546624372804,0.30279879994136444,-0.25683134958316267,-0.47639722475538243,-0.3805556394357217,-1.151736695974557,-1.107820752953909,-0.9788703717966971,-0.4458227427935337,0.3085032303594487,0.15451611743368546,0.6550600560522178,1.1241550143057433,0.8075090790074901,0.765488073766296,-0.014548382903138299,0.4200818109945242,0.3447540913812815,-0.27344612699439863,-0.41080222158616725,-0.9199334050079156,-0.28772184202581524,-0.5518701681861174,-0.06470261878656249,0.18756253172372747,-0.08848629453939881,-0.024549692027278417,-0.13215446266373285,0.4742786443442817,0.27926619287004,0.21005421872302943,0.39915181951267886,0.12381241829059507,0.3471662111596121,-0.7341154970765661,-0.15117074670801617,-0.44180606584018495,-0.19054129932581848,0.27279861177886244,-0.01049981648542763,-0.13714327278000885,0.2994594091805137,0.35173380872307936,0.47968590813981454,-0.4212898181584491,-0.30612420840194027,-0.6899112185223084,-0.37237373075054675,-0.49985598128561376,-0.34996100832171956
0.07873760589741854,-0.01819811561558921,-0.6839931058237279,-0.8299188204492658,-0.9880919720379928,-0.4469021496096106,-0.450401126776711,-1.0516664657357897,-0.4866621312079204,-1.2459859933436004,-1.646154296557278,-1.7481232518879597,-2.075515310530503,-1.431314473794915,-1.1315829199650815,-1.838849731917252,-1.260028991684038,-1.5877587713684937,-1.427686826937107,-1.5545238071424685,-1.7843534185378482,-1.3639336120232053,-0.7866436694397021,-0.6941498969109537,0.012483379173615458,-0.7897126919761497,-1.1992882724060285,-0.7075871929892095,-0.3078384262372908,-0.7339310239487028,-1.124537161041825,-1.4336270830148279,-1.2865687538519666,-0.580873800718987,-0.2593104169732276,0.27466798439010903,0.11784456108658811,0.24223530988322406,0.16844917822379651,0.9398467803268864,0.20146601562461888,1.1623009228785017,1.1096545016873507,1.0073129705962833,1.6656228364969194,1.4524828220693207,1.8200544094149949,1.4209157825771837,1.5893558756031236,0.5680848541253505
0.23288166565559626,0.3674513126354113,0.2281061334825277,0.19010786308888764,0.5763048800012723,0.07603367419300898,-0.014610700377798398,0.1828679041114982,0.32692661880502755,-0.5072237075917494,-0.6433694379209216,-0.17584262885261573,-0.0761340288002764,-0.56281020006285,0.07341031528145092,-0.5956546424050948,-0.9163101236551134,-0.3073102254108942,-0.49009285118899676,-0.7308341854734484,-0.6141657707607655,0.05929649162289895,-0.1683832767945426,-0.24805539332024082,-0.36511054686570726,-0.30350425436170964,-0.24631910736269227,0.31363921045312765,0.1454251612035893,1.1391054816209214,0.8210898049108116,0.11807174242555663,0.1567993608778367,-0.06724948390510967,-0.5050448791083338,-0.44454972891340155,-1.2080225172547139,-1.0314022901315052,-0.7667085042898699,-0.8163982250612346,-1.0463827410441162,-1.042248945105331,-1.2933389463728493,-1.1446449631038778,-1.1418022734064,-1.3013851702221955,-1.7200488972337986,-1.167124640132404,-1.5327803250045036,-1.6488991112091662
-1.338768113996473,-1.1942155901671,-0.6449950373268801,-0.4027268563081638,-0.13738220002967097,-0.04560474334319586,-0.18958273944357837,-0.5001757848171996,-0.576143455224396,-0.4855943178053074,-0.102295701015738,-1.0308651563321074,-1.2658102120282804,-1.1618861024929685,-0.45345578183908686,-0.3804154766551865,-0.4801856929950633,-0.6968766527961395,-0.8771939740302359,-0.7157665663962067,0.009880511838856729,-0.13540334559028716,-0.4849731757289239,0.20131047455012843,0.7651376648726678,1.2434806652115398,0.8252733474975245,0.6563489049931943,0.27882260526636277,-0.21873836952955555,-0.5436455530368135,-1.7261537867221666,-1.7492777159423996,-2.3204198006872665,-1.812311628262312,-1.8527025461221835,-1.2859254441655963,-0.8735827061603137,-0.4150520002167793,-0.795676130327011,-1.0060367252370712,-1.0522413777101227,-1.4211806565195049,-1.3971281683776005,-1.075381986325398,-1.1426265191283376,-1.9917318031271216,-1.2021355865784686,-2.263708397133938,-1.3170586716116017
-1.4506339413710903,-1.4046679102128297,-0.9905917359123837,-1.0780017150784438,-0.07435446467583788,-0.3757317891853487,-1.1946603240532534,-1.460937273580568,-1.658497105144754,-1.6050350937529057,-1.0461045592059954,-0.20914614662812106,-0.4079088121070821,-0.7192405667869018,-0.5621945504763716,0.12013022204530004,0.3316354153040016,0.024484458084666143,0.5555485133863555,0.4168006971533203,-0.20265804519253544,0.34936787917138384,0.4990733145847247,0.5460497390564638,0.38313682782779934,1.0756012302298277,1.3578674948360827,2.0359131051319195,1.1465663336994165,0.9527905971747955,0.9119105255495314,1.3263746654175206,1.678479389229789,1.3114709256481532,0.5837878121329705,0.10821857932904712,0.6817275376058677,0.5839176295497962,0.9136378640113163,1.249824954951196,1.2377631598286458,1.3280034841898962,1.0121746604815323,1.6631812263703274,1.5000260358900672,1.7747394608144718,1.457557440448509,1.1835508621890687,0.8825945895644691,1.2346161816177175
-1.3376590958759802,-0.5414884318883904,-0.2353443178399294,-0.8903946868602117,-0.8963308840327409,-1.3008393073463513,-1.2761551051627533,-1.3084245432911044,-1.7556344057720024,-0.5212797352656808,-0.3045324428376169,-0.2220467066610399,-0.47027574056518956,-0.9070518961850864,-0.5295219930497423,-0.6290081168375705,-1.2565103225391772,-1.3574073225531715,-1.2261399267637842,-1.012309098012827,-2.0914041373090346,-1.146521104209803,-1.249172508175717,-1.5308075643213537,-1.0155989760556536,-1.413351990224942,-1.0730223848436233,-0.6772670124714657,-0.3545393000300525,-0.34281503509782496,0.21504987748288595,0.7725115150208702,1.0303153954256798,0.8386541710265722,0.6524866922591519,0.7547913608948974,0.6143381691525925,0.4857009765288151,0.9074895474151037,0.6442995309889742,1.6178587204040424,1.7964078030177455,1.8828961749277693,1.6849681032308907,1.9104087316761318,1.3261047935400037,1.9804863300700994,1.4900667463742148,1.9402618436097108,1.723595628501859
-1.5320952001001382,-1.630860774929693,-1.4133328480134983,-1.3547394628843454,-0.32279667273080237,-0.026483005816160535,0.39590640434976765,-0.05373340688298154,0.022775412558458673,0.12765694992157417,0.02508358872485308,0.28027525225225697,-0.470325616689826,-0.35840202502214896,0.28798110877130767,0.19117313406464623,0.55147923207993,-0.015941320277946605,0.3452777655318727,-0.17986375008585834,-0.09773548359030138,0.022004800324763582,0.23144679558839054,0.403051844395704,0.8407185248414046,0.4860630085276001,0.1242671989443961,-0.946592088289693,-0.5877436733778877,-1.0854933452107827,-0.765815510512162,-0.6398736264543604,-0.36223612374059433,-0.12118844673846373,-0.2947913696909358,-0.4317927429470258,-1.1125157297556234,-1.2812576131650317,-1.567058277588512,-1.2783945713967912,-1.432661228044669,-1.827532636195233,-2.1513220927592616,-1.9918981309380879,-1.9396081287046312,-1.9955073505377041,-1.841786952737481,-2.176007655534247,-1.674578272663113,-1.8286715687411823
0.2984540713859896,0.3399438792755344,0.039074073554403496,0.9889926764953335,0.4633848973150588,0.21577256036639045,-0.35980387477291165,-0.3097397067063805,-0.3291348752487981,-0.4896115872171594,-1.0401773407356925,-0.22152333613427613,-0.3130094501610631,-1.1864353512949621,-0.6235195539776306,-0.5460553694909541,-0.7239594523156349,0.24494377312813825,-0.6781455690948769,-0.20152973033193627,-0.38087589503927555,-0.6693241961741894,-0.08269836349946273,-0.8350770297430606,-0.9688861611936533,-0.7945509277021684,-0.6872470515864343,-0.7298771442868062,-0.35390276835906087,-0.8463050556535876,-0.9813251038795733,-0.9632452546123065,-0.7216584836674984,-1.0252479088380806,-1.5992770524818152,-1.4657059962623913,-1.6193839609926433,-1.86684104235453,-1.4905785245986414,-1.490584118977902,-1.46981653212103,-1.7580553860923387,-1.325012101439069,-1.4427401460762561,-1.887382182803386,-1.6447558940476783,-1.4857751643332828,-1.920772060500375,-1.5994610790869195,-2.173995928536919
0.14377940442344805,0.37481238442489356,0.32143856834903156,0.45625596570114085,-0.7508951588689771,-0.19841187018195955,0.4232865940978599,0.3024452030110143,0.1852495158235985,0.23646250300167432,0.07048569371535827,0.00914142770868572,-0.5383498484744736,-0.018406754213547972,0.18630295138691083,0.47613534090172305,0.4691909636861739,-0.1986210429959028,-0.1912488419160703,-0.5230181404833208,-0.053133122588205135,-0.4962965616452451,-0.8315785654818081,0.07882090266126898,-0.02621835633831693,0.1123903154753335,0.05555290985684965,-0.22782889856186436,0.03263421497271865,0.20087966295923654,0.28291483073300105,0.32604903459212814,0.9926124597222057,0.9396785339770816,1.920752963451237,1.4682231475353644,0.8991524459382131,0.7914205516780605,1.0644596249195388,0.8112420328853023,0.9881118453050524,-0.017922385086237724,0.5151077680689445,0.9177461117028061,0.03328349605727289,0.699466200927034,0.07692292450691103,0.11583282807554943,0.367529232158339,0.8733975755932291
-0.6926611915456579,-0.870040266337864,-0.8457554551348302,-0.6591590983773288,-1.52791123800378,-1.2153935102600246,-1.7071623244806287,-1.1140138251219516,-0.84367255218472,-0.3793751201493909,-0.6352311107787048,-1.1008963789446244,-0.905269797413507,-0.5214931225131607,0.26775351634648187,0.3390400963069918,0.09623865885571962,0.23254106078968673,0.20327583378541117,-0.011862260462345238,0.764690538601275,0.3407498875779452,0.4636220651897339,0.8688907621547187,0.3152324762003045,0.7525031950423134,0.8109129683137607,0.1282404487675683,-0.2987365923449527,0.2952519893844048,0.44343261602499795,0.6418068572382345,0.20301965115156806,0.8039794335881094,0.6203814685633047,0.39700612414473424,0.2795648711660396,-0.2271202748722749,0.1436631247589948,-0.2333883747156211,-0.08614666080724402,-0.6690255657956592,-0.3191799235844089,-0.20510513686623777,-0.08960806416958585,-0.46387847623360695,-0.6323382066542184,-0.7385044268690509,0.149209304291492,-0.6702423541167671
-0.6903944994332698,0.3595312644342221,0.7312993195861675,0.35297004904778406,-0.21650741589917466,-0.0021128270280460185,-0.1572590295648621,-0.40585439615751057,0.5408090595388713,1.1742089480026905,0.6004319630125285,0.9016817412851648,0.8451232367666504,1.2305297346500759,1.0944016686210918,0.6549973212264437,1.0655059285117952,1.4856592388916796,0.7383691544371289,2.103255729153524,1.027241943517303,1.510011231394306,1.6060405018996953,0.7043206717294325,1.0010453241977153,0.2837879370980849,0.8686427691148985,0.9613250601382395,1.7228769234498411,1.396214155183666,0.5274157872684216,0.9472009734994342,1.1223057078812326,1.6450255266537885,1.7095063447596184,1.9002592858996337,2.575962446877249,2.5735375659082536,2.526726225433523,2.4668833445826044,2.11585596269534,2.4660084133071165,2.0525891528416014,2.050667398357844,1.970661310727104,1.877009618642729,2.730228315563017,2.3207411308402137,1.9841502435167069,1.8112025771692368
-0.8140203678577339,-0.6050038361393772,-0.011713418572388007,0.2538925826701124,0.07293054203007061,-0.5973924877203105,-0.017887625881138233,0.0988151899858492,0.8166064047687104,0.5885253974207866,-0.1686824026105101,-0.12357882561312077,-0.05091226615601675,0.11403576618168844,-0.24699062468963143,0.11834893286539275,0.6332164797919538,0.7569290232940353,0.7129787897378966,0.28934892551499114,0.3809022819298075,0.908373303045288,0.4007879027260048,0.7810272184515777,-0.4309240195507801,-0.3895168628540549,-1.3335057645659756,-1.726558158551689,-1.8548724351617325,-1.652289088397999,-1.8235474088638237,-0.9315372191043245,-1.2505633458616392,-0.2224242712370209,-0.5793530591775459,-0.6149842900189114,-0.785269990091054,-0.997378399507608,0.028184227510622883,-0.189157327394675,0.45532197079482517,-0.28393574843320446,0.4935070406143583,-0.1698063977748102,0.5127066596121074,0.12257109665423996,0.43384853730851763,0.26490987489127854,0.626700115752254,-0.16983675603849327
-1.51728975952892,-1.24275973365449,-0.8155465663899899,-0.4206069287837242,-0.5115751841995302,-0.17263613947066137,0.10041062710167954,0.2757265606398798,-0.10284222326870275,0.11731622499403102,0.17882378511826091,0.42078010604225236,-0.6553373868246253,-0.5045812487204951,-0.6798494464998255,-2.2089679011417824,-1.483693409922457,-1.4660069809871772,-1.551121112395647,-1.5940076853537342,-1.581029188614498,-1.0622785113303645,-1.719920091760753,-1.6781172254493075,-1.6453802347331443,-0.6967994171050157,-0.8469135429568646,-1.0720309125559917,-1.838579432727988,-1.93274054185872,-1.6060725089993781,-1.8922704462813904,-1.6579324018756276,-1.2368945710804164,-1.156822188531745,-1.1349630035491387,-1.2738403204385984,-1.0049213017521148,-1.145772747620857,-1.9396658662035884,-1.441204364437848,-1.2147970888959143,-0.934257050900886,-1.3802744404073513,-1.0011572260432513,-1.0069608022531689,-0.5482253329683678,-0.7933009114475564,-1.2582253689663823,-1.2948353255192344
-1.5475370992521478,-2.164099839859361,-1.4297390697785823,-0.8759554304464267,-0.6830111733952133,0.5243543550167497,0.2927639598296741,0.17624157912194152,1.1585537265086068,0.5950442393131272,0.012249223542114855,-0.24092253176988224,-0.45687933980461704,-0.007654307111098671,-0.247289704933756,-0.13895386909391857,0.16594553552859895,0.47785281667719504,-0.006495567843321237,0.11171924308601477,-0.18374830478014992,-0.13902759411422086,-0.31747027894840524,-0.18222882694232317,-0.27075635083828636,-0.2461832139172569,0.2377093063902188,0.16470000087059453,-0.34477789872128173,-1.0888044028641375,-0.7393826688038216,-0.6637225852607626,-0.5168063616415007,-0.9631220071863789,-1.1710516507662212,-0.9394508225319751,-0.9387459183844337,0.06807062325894628,-0.305325854410129,-0.7249885329377455,-0.2512494776723647,-0.7047137574341171,-0.5437258411371866,-0.3686863453568785,0.03857408951013993,-0.4415020274902203,0.5860635263242339,0.456878991942263,0.4288829706817197,0.28931380048059224
0.5319888299212958,1.2865663426377112,1.2307279286551998,0.3603538692410297,-0.004865156945050773,0.385129417863199,0.45275130247680967,0.16382970055638965,0.058981797831016244,-0.9681263475075227,-0.6732074127775038,-0.547598589982895,-0.21483919259069725,0.2430198062611828,0.7003151964475389,0.4450566099933574,-0.5164725396142826,-0.3233731227562394,-0.6063650470716931,-0.13023957684602447,-0.9277507052454048,-0.5069567224381172,-0.4448344481843177,-0.08024749982318928,0.5836054608966629,0.07504766992121,0.43594450794048456,-0.23720871230694213,-0.32539228135917153,-0.09326885581703333,0.48092573481154705,0.8132798604358114,1.3241548108795809,1.5309210452317654,1.620129443864324,1.6313444410681792,1.4602604010329108,0.5321738349030636,-0.07086800944356372,0.2092687109948227,0.043081291806517874,0.20181220666086633,0.06199786506543935,-0.09231123748983484,0.014102502787492812,-0.17027302075695888,-0.23047873069981378,-0.4403275312041893,-0.7619092060723082,-0.6133113116649304
-1.0484829449194735,-1.262086334921965,-1.9759480055401488,-1.7078716900325153,-2.259701641607136,-2.732655212671516,-2.891153755113913,-2.3096942345619795,-1.906176119359048,-2.1288800566311608,-0.4261218534198824,-0.37929318710961174,-0.9422769064573681,-1.7095300607268316,-2.591020691816373,-2.6177802244374697,-2.5084063897503888,-2.36424056385535,-2.5755465919500122,-2.3682183800049366,-2.0284366376694623,-2.5911969903641072,-1.8371056304904558,-1.7506327562591075,-1.671675504719681,-1.544027392365799,-2.670082719402856,-2.1500483501292016,-1.560989535910606,-1.4706761129110124,-1.254887211204161,-0.891979532224891,-1.5345292993971382,-0.9002522499049507,-1.1326762131462285,-1.1625997520886162,-1.6813637846914766,-1.622305354066922,-1.4290111439349642,-1.4896907113350608,-1.8597959276332368,-1.143359780326236,-1.305386074381213,-1.0514620229958012,-0.9678759331225585,-1.1700872990065672,-0.38041816672377854,-1.337464545508997,-1.366240080449179,-0.8974311914775344
0.34647064354155194,0.6290397876829842,0.4765369149474501,0.034224541810283005,-0.7604643991450357,-0.5116155776142972,-1.0671222800601323,-0.4308283038957556,-0.43047697556142195,0.2929299227722172,-0.15141685972336633,0.6665660509388311,0.8953417483015779,1.2819691997655596,1.510888660580365,1.2417664686675702,1.3019845594957704,1.4311114574271633,1.7914069877960141,1.9615996849024306,1.7760121438176166,1.8172500972334784,1.479688710489161,1.6232325404746641,2.32800998279262,2.337812847421032,2.7955396081463846,2.651442911530475,2.8530001962852167,1.903201860487679,0.8240038435344582,-0.03854102834809049,0.12820260322745702,0.08666992305310776,0.4123757707997695,0.09765830818131419,-0.633005417432604,0.04572359954788162,-0.568725832597839,0.5874257176400222,1.0700202632812634,0.3701656640775644,0.8477606914986823,1.008398865118341,0.7956826373808515,1.0591613517236367,1.508242174962637,1.5123116263942238,1.7971780696630215,2.0637001654422518
-0.6120259119707818,-0.34242073673360146,-0.5465769545460288,-0.6088881593298707,-0.6985761538558803,-0.736360061743791,-0.02616912556309194,1.0084502025127264,0.21491754489388193,0.1381961220286845,0.03050233951386057,-0.06477423546294238,-0.3009869133925096,-1.3378587348295687,-1.2049184209868875,-0.6605472197068093,-1.7648694752381846,-1.1138724930559623,-2.0799811787224276,-1.8462698725399058,-1.2730040742988158,-2.1960817182900745,-2.2979721908666786,-0.8853892593515414,-1.4899530550786353,-0.9109010217003763,-1.2456874586302908,-0.616296461276295,-1.6107514239438245,-1.381935928897008,-0.985232966886552,-0.34017238284210827,-0.5362244743025092,0.48027037062559846,0.2928141209040704,0.2870920382315778,-0.21437879497389842,-0.40127807680119537,-0.952364908577039,-0.6900667644902586,-1.0247820209172092,-0.5830105115957688,-0.2492815783388042,-0.4078649303607918,-0.060051609034221375,0.2706599612016424,0.7086735914168311,0.2482557530810277,0.34474899915643287,0.2696337621998849
0.05202105159977708,0.040546846500917465,0.130151311611085,-0.23079101573271246,-0.5495541624565962,-0.319564627765064,-0.9729193533406283,-0.12564694456465977,0.31888499915296575,0.46428086919296124,0.27243019211997627,-0.1790808920252378,-0.48479453175937526,-0.7925115757912455,-0.27593175575312384,-0.5911735339465494,-0.7932629891625289,-0.4671641000863615,-0.8534178511617299,-0.7986382024984676,-0.8351559615013505,-0.756444798126837,-0.25965344737312757,-0.8604031926867665,-0.11297001124481154,-0.23142878523676058,-0.2916154989279569,-0.127929064445793,-0.5668450512347746,0.18608208756231776,0.7984179547895823,0.3235647818743988,0.6563661965825589,0.5015209591886184,0.17500027281582445,0.7353054638899319,0.2225875948342923,0.37616641168458753,-0.02284941503673072,0.22245843459793532,0.35449733253518306,0.04054981865920862,0.46211041123614355,0.9578342109088325,-0.022552771759789505,-0.06171410099925695,0.038168786010943534,-0.12151861811438325,-0.9291469663748924,-0.14069621750682532
0.0997021841739507,0.9644678406953145,0.058099500199376264,0.14021772560759427,0.6813130126448811,0.9931592862695957,0.5951404920034586,1.1324252386910296,1.1860925818789756,0.9673046192109723,1.6960014561087224,1.830027957450073,2.5910253716931027,1.6782092055847362,1.3202918902697027,0.9065081417956399,0.5731288066702166,1.0720749952350657,1.220365994476653,0.07342578266662504,0.7975346692177095,0.9555635141670833,0.6610898113793281,0.7328397494619622,0.8704007391544316,0.6945156089175637,0.9754711773342394,0.5696669511828326,-0.1124538195097536,0.3269337986442869,-0.21248784992206785,-0.1983958142676604,-0.6932728015238379,-0.28019967623173586,-0.30634901805818715,-0.8551973014285784,-0.21656610060367498,0.5944019378081319,-0.6124019251104553,0.1852604988881029,-0.1519947996209603,-0.06810539385100764,-0.08837945801002277,-0.18464506781882084,0.11482586863630416,0.1441085618920285,0.6105422585017152,0.6895284288977709,0.6399066134173513,0.256035931028838
0.521012103732542,0.0349832166939172,-0.11174167070604744,-0.8497139071039151,-0.8636102630851603,-0.16003923134656595,-0.5518796171336962,-0.24077057156872975,-0.6710020635253539,-0.4794784993982944,-0.680931162418405,0.02544771059674178,-0.07878932536487179,0.32898452210953016,0.58468375241379,1.177322229039736,1.2647886300989264,0.7624588510188943,1.578570372318173,1.1908251045058518,0.9335222791413983,1.3274481187510974,1.8277699956297377,1.710659107592523,1.8711804302799373,1.7677783772287763,1.2441562793775738,0.4422171990515528,0.2753711372493148,1.0067822361934287,0.953829486055801,1.0989158247010586,0.6356467469413627,1.2772608993301529,1.3664603283034602,1.5070073355608178,1.4966667952413328,1.60868046306136,1.7398876745952123,1.3501816512015241,1.7970055245709446,1.317366252181541,1.6328565749738817,2.0419448412157606,1.2037504978208562,1.9570415305527933,2.4773745591617775,1.9636697592837207,1.7183267332073822,1.401216192704417
-0.046932477915397994,-0.0822650998917716,-0.2012955901614047,-0.3572512533859461,0.026138292219760585,0.06299368550681884,0.21147981503884497,0.3540848566351532,0.7376869347574782,-0.1986529173522885,-0.27440275747296206,-0.003855466018265004,0.1755353630384514,0.5006529147821606,0.3953846810899289,-0.4919144192621331,-1.2068363878343518,-1.3098694530020059,-1.6804844250112387,-0.7916365403818956,-0.750209353130812,-0.7202770218063368,-0.9509785889535947,-0.2033192722122064,-0.028207837515667623,0.2621349473471311,1.2108504715939046,1.4262550154192832,1.5844009760524622,1.6548922267975994,1.915374627590946,1.102802385789086,0.1540444077525899,-0.15155852701958325,-0.5501094979718258,-0.8875523426425497,-0.8468059873182536,-0.9244447930837234,-1.479065904141521,-1.1661754554969317,-1.165640377973987,-0.1444766433578088,-0.4406762783959986,-0.45141534722116655,-0.6566528939396549,-0.08132112809153245,0.07550487733053103,-0.4305670345556576,0.01010794557435769,-0.9777151908132077
-1.0530875061501972,-0.8057941940798723,-0.22886898554782464,-0.5909828750098115,-0.7800354806374588,-0.8706016811507965,-1.2570860266880057,-0.9707513120246216,-0.6229723889889004,-0.24212637051943914,-0.0774361889624918,0.6183156911392647,0.25647863118449843,0.4443981356952111,0.23971734786478266,-0.21685703016812885,-0.6689860812966055,-0.2849309676224055,-0.6478011619105841,-0.2676634646949158,0.14455449179269525,-0.04944889039723831,-0.7186399657630349,0.058430431077983305,-0.36054320139048773,-0.000788231821510371,-0.0029740034937073222,0.12575696773553446,0.5815003923917306,0.1644979526002673,0.5038489308980544,0.8390154792863291,1.1941565577321474,0.7781264155452042,1.0570450893449905,1.1863996510408037,1.459824131005073,1.8742909650412733,1.470538590305165,1.4764108851505164,2.297751029712244,1.754339822754476,1.9474814762385428,1.942346427323355,1.9873651577155784,2.1776234667636647,2.5040740506780574,2.120496688399808,2.5072830428457578,1.9035714622974356
1.050311081076007,0.998920418611673,0.9781901553679697,0.9542189018110926,0.23613075799412842,1.039532209663987,1.008594246315932,0.32119327065388,0.6469416493751113,-0.07855911974638245,-0.28092968216186687,-0.6620985952228627,-0.3210887846487181,0.2895268147585932,0.3503304764432859,1.3253315893738333,1.0539547173447406,1.3817845207241222,0.8857831482262115,1.841730187546659,2.009951281699498,1.3709857023014171,0.731897101358932,0.9964874428847017,0.6646684022644193,0.5024210918801877,0.06688636215873967,0.8655349592812536,1.3531945722371743,0.9001028743191516,1.1592063417884442,1.466935836493576,1.7017932190427256,1.8918968267403609,2.475464104711873,2.282536065452084,1.523093708158211,1.0901489604295431,1.7840060427712865,1.3014971099986854,1.0518456217564132,1.1243867568374526,1.1376557776410743,1.8552939463776956,1.7805787179447667,1.6191076850606403,1.636430509746413,1.9250884718463541,1.4042137589227184,1.8755615286480576
0.6187404305824015,0.9671657750115497,1.2594845069169893,1.2557337863315108,0.6577253324290957,0.7572620635486141,0.5651305735605865,0.9602598976839878,0.9070675578577352,0.7975824173604679,1.0763770047356955,0.44937668097786976,1.0521109718979296,1.651384848464395,1.404851255997108,0.6871828003959954,0.6632097916329626,0.734485735679375,1.0746138550346909,0.2577971715016037,0.4337482046951407,0.11277759648591229,0.38157998765535617,0.3001017987403829,0.13799297806370486,0.33812475863446884,1.3410867457235853,0.7254525905716047,0.5772743664250001,0.07849500258259726,-0.45816145495121197,-0.6393623864126131,-0.373256147846043,-0.8439425345230215,-1.004148249024842,-0.6110223285460186,0.19460456820413946,0.8160038801784415,0.8304663801999779,0.2919438197779556,0.37964581757452665,-0.4360133827097623,0.33191666633399,0.019534150566597804,-0.3696714798424097,0.4912366462326369,-0.2131407849804083,-0.2953518357685898,0.08672825056619715,0.24739249315956402
0.48750913363703574,-0.012672505554654922,0.38147372680396724,1.3360614778202147,1.3739429645387478,1.2807182088147127,1.3420612238620593,0.4826593321923157,1.3812091116937575,1.3726832081107874,0.9461594429009762,0.9309249956806827,1.2511836510109713,1.1699574139116609,1.1454211823641876,0.9926709651894222,0.8121458562717102,0.9521028004171355,0.13287506793838333,0.6996047422909875,0.9855597525256884,0.5830113135623635,0.9190917771441032,0.8203088948925692,0.5564593684404053,0.9759894255063779,1.6933872588654146,1.2274472933331395,1.1276540750928836,1.4429105119466314,1.9284879540302655,1.3458450572950822,1.0332771733797317,1.5215994009277571,0.666415738918717,0.714952712127267,-0.0023000028640198333,-0.2721931781104793,0.009748595030975166,-0.14289923275492283,-0.16248746428825986,1.134188996216393,0.10676169834045365,0.7371141842065457,0.2763821939993013,0.007284593448256214,0.11022361735693545,0.6554440595225827,0.12635729547694244,0.7662324558619622
0.45421840275176717,0.4218383988139412,0.645030039532572,0.2866619289649521,-0.5365917485558908,-1.4573862389840302,-0.7210345684471721,-0.4332611155808536,-0.862757308562457,-0.9343907692222941,-1.0835059373628433,-1.155921610923318,-0.9149292578471683,-0.32014045990709633,-0.3663104666527507,-0.15892271943617206,0.18899588539508566,-0.7825036506487887,-0.518599198539364,-0.41452587534303387,-0.6522530075448726,-1.2316165561103618,-0.4201675750570851,-0.5909832021115448,-0.29884741841404566,-0.356166359757111,0.7005489865705772,0.5406798926639406,-0.021574922378385177,0.3480069506676853,0.053936019630841804,-0.49413070724199276,-0.9950017507352368,-0.6324001781208046,-0.7338396204459862,-0.7084090894276684,-1.2303099190040963,-1.4755494357645382,-0.9289517914775388,-0.9398201099079326,-0.7320742582191312,-0.6309576198343135,-0.1309446407082157,-0.49120726369746004,-0.5054801663315713,0.4431492207342699,0.05592918068443508,-0.5719632528052346,0.20094498381521406,-0.0500347742930485
1.1745257413076218,0.4471047276877712,0.4842708397163304,0.6504704959884429,0.42959612389743507,-0.5066261996436127,-0.4248382400645756,-0.5224609051537605,-0.020254438991531384,0.44780147726845065,0.684409845221053,0.5390122554204089,0.4749565695854979,0.40929678862865077,-0.3150227690279296,-0.47827213357405096,-0.6168289179808716,-0.8581094860382106,-1.1986954541723815,-1.3946338303947527,-0.831707882728614,-0.7585313145846876,-0.9171604675691422,-0.4968855560989986,-0.5730037394025496,-0.8793751167896596,-1.353328148176709,-1.2058246533751191,-0.6264936217953736,-0.39503061756109176,0.2907099502822167,0.19291106019024976,0.1730430561065496,0.42853306839356015,0.09796132487046696,0.04991741910519094,-0.4774569967352389,-0.04564948092727626,-0.8177853482510994,-0.475911444501731,-1.2592997051377017,-0.20483161568913483,-0.8283505736693018,-0.9288363469566991,-0.820961097380362,-0.4408527992008291,-0.7675103612109132,-0.8157866119876895,-0.7558404227985267,-1.178941074355677
0.616704914042747,0.554210231353542,-0.08008483996725302,-0.9147602536203155,-0.809141385996413,-0.6504852296406111,-0.4922303311914701,-0.4148765995786899,-0.11985423348451159,0.05151746309442922,0.14032781342869735,-0.38306531318646136,-0.3665509246389171,-0.05115284128094413,0.08836945476815682,-0.1941584883356333,-0.37854161869377373,-0.2800512425661074,0.35443428350437467,0.16087295004348665,0.2108361203505283,0.9456779836912277,0.9002540757946109,0.5267659069102285,0.9857969664921168,0.5744997291682111,-0.0023044484195339316,-0.36765188615025174,-0.8119631074016735,-1.3172853192913068,-1.7082507647784857,-1.7498974195660262,-1.3004846971319977,-0.4579637085255917,0.1330582707396201,-0.3957345355942142,-0.3395371714495612,0.06181652151684967,-0.27407500426246856,-0.606496520121738,-0.7780451726239827,-0.9761528352905728,-0.7892173016809604,-0.22759248804633772,-0.7519943064794896,-0.3241119051331719,-0.743371086747293,-0.6503913137397224,-0.31261959043874976,-0.5433669711318448
0.8929138530212307,1.2029691035341046,1.6166067345489903,1.3733842913117218,1.4433392755881527,1.3502139541560263,1.896134715656972,1.6372563496031378,0.8320006622461413,0.42219682127927455,-0.09196916871531238,-0.26392753442287986,-0.9113153890867154,-1.2305220718163628,-1.0212996836837216,-0.7216017424984448,-1.5752911300111796,-1.4077399188766557,-0.9711088710157443,-1.491691766721267,-1.22748561402023,-1.0658761149594347,-0.9090511029664071,-1.8766902976749003,-1.181612611498497,-1.678352662470558,-1.9068050085405124,-2.3702963917923343,-2.601933764501865,-2.0539590956951725,-3.113490715301789,-2.751367137621424,-2.964232430262933,-2.130359345892936,-1.7664116744899938,-1.40894446949434,-1.9723186273411406,-1.850699966566967,-1.5265233021649938,-1.5781252312725778,-0.8625960042187741,-0.928096804693286,-0.5056665327146906,-0.382829481238074,-0.6060623838370957,0.04672738236298391,0.0036050801372118977,-0.012779102890739247,0.12564069743008457,0.35835884174100424
-0.27183007549556015,-0.03362941721941192,-0.29275165350827,-1.1054907882824785,-0.797403081260415,-0.8641684192689706,-1.4989479679135072,-1.7081654224236664,-1.0124129867100737,-0.7122813588846403,-0.5531466367910293,-0.7186977038011174,-1.3948119204343432,-1.213769272165124,-0.7232776439617293,-1.4317172219618772,-1.1625280458199343,-1.3584424265785335,-0.9280194303513022,-0.41205538176090317,-0.9240304040885102,-0.9854982558389149,-0.7979571477443104,-1.1461826961343056,-1.3580651236417711,-1.2458048148200287,-0.6228095233644964,-0.15608049153769785,-0.28427796496531693,-0.387120810349808,-0.04433478326998859,-0.33076053966588087,-0.3019708116155814,0.10708386323266333,-0.03733997211138046,0.2295313575123907,0.54557347216541,0.6701535341011046,0.687172115772264,0.46075493194017364,1.4424811476384833,0.4325040865570764,0.7505341323762157,0.7018645595197478,1.077321876195245,1.20459818435088,0.7015011893522877,1.0725997528218725,0.7887641009740791,0.7928488474205024
0.3965359071903952,0.6638728780407204,-0.08571004584993332,0.04308108207224458,0.4234081874804318,1.0263572872236835,1.4003752580761157,1.7060640036909573,0.8853845832987924,0.15050749884824785,0.43172710939835773,0.5918573629168655,0.45596892655404125,0.08847272042163262,-0.6369887746084574,-0.8802745637059906,-0.6922330852323596,-0.6372337432475772,-0.9400848101935602,-1.291646846561863,-0.8713102783038807,-1.4065157323648836,-1.0028441085195345,-0.5700577486073873,-0.6920071754878762,-0.4017871709980342,0.027468012784202394,0.603299506504558,0.28374671684192676,0.3882750124501474,0.7469099557500856,-0.4311836314985761,-0.1325754337885599,-0.30113953164163015,0.04007523231674615,0.48516878483630943,1.0252440909600538,1.0342522271267385,1.3414890288129129,1.2865827757784227,1.6791299240282171,1.6150754332638941,2.355573264916554,1.6699616242383049,1.8283772618118685,2.7654857188286646,2.632565014646244,2.3768194636568083,2.6506442229902625,3.2429119365287122
0.16204359199523324,0.4646714081240558,0.06701659651603589,0.627435676742594,0.038763491803377376,-0.27356106326563495,-0.5544820713929846,-0.17696721865572235,0.06849425815075141,-0.5527228724586465,-0.7443434266858623,-1.043221161600974,-0.5626803500304697,-0.5268758482041082,-0.8337385109192879,-0.5135809914033247,-0.6765940731528336,-0.24447138816792835,-0.001008642063022639,-0.1904751387463742,0.6625923904116315,0.49479710480491523,0.5573671516251014,0.4019576895400964,0.8824837344235517,0.6726912015214765,0.18702620811443982,-0.04797107606997595,0.19751117903772655,0.5922867922438736,-0.15106453114612914,-0.2945388058806182,-0.3744814744867386,-0.2599960614675037,-0.005016607071965866,0.6312386518862764,-0.7091221261134903,-1.006084039162379,-0.5158332286107838,-0.35352579705809367,-0.9905662630804124,-0.7100967915999049,-1.1979215209711587,-1.0914307103729886,-1.464675141598903,-0.51672860430758,-0.8147157101149954,-1.2099402493248064,-0.7932278461878554,-0.4972187110975384
0.3550213261386966,0.6026634601452913,0.6444995595681384,0.7712077425744231,0.5259997498614212,0.5908352264480318,1.006866371555858,0.6797834843512262,0.8247989225179633,0.71431429314245,-0.1262295503362592,-0.7691985582402108,-0.5913164274022029,-0.7998767780938189,0.04166101225412964,-0.007570657321103413,-0.38057270004976745,0.17508251484589238,-0.014064233152545947,0.061089460649801704,0.4098186153607968,0.3178836689459602,0.8467334677998581,0.2515249021914597,0.26808013474100456,-0.42041071989045753,-0.085967367970858,-0.4608618119601436,-0.6006197236082552,-0.13083958694846085,0.5160200873302327,1.0310175459547537,0.9487399979500727,1.5616704785966562,0.31514440211622546,0.3168955154970325,-0.9666782570025316,-0.6390580395022435,-1.0237923573811578,-0.2663581119992317,0.138414577662066,-0.22166069008493572,-0.21933506987921741,0.0901388168296471,0.35912862257208167,0.24717991029681888,0.5328063170212657,0.36449977879803364,0.4025166470157657,0.2593593019225405
1.3053888376085705,1.7880037436217953,2.4338224937431345,1.6807794690534934,2.390838361990701,1.6527755732026013,1.602540320208008,1.9058450496399468,2.0805575872209556,1.4443395892939246,1.8713014373430648,1.4730480280480738,0.911064604344155,1.31133248818537,1.0490153816581103,1.1862745275860826,0.8664446900971949,0.7416948067657513,0.33216312803774356,0.5533245526209805,0.9344865638121898,-0.2745168649103337,0.013495431385768085,0.5142449828765312,0.46774950506063806,0.8043257769243746,0.26879242096758477,0.7141028644056876,0.6524938833723518,0.7867784779090071,1.9945322577844296,1.5792857192605907,1.089981006386304,1.411681367949852,0.6186934546999784,0.15483054678880223,0.33507899396729524,0.6195524134864915,0.10200568227497836,0.6134061408891811,0.8347914830249742,0.4572100274562976,0.6286659221935207,0.43283546147594376,0.2542258423165552,-0.1625000517614229,0.40490916915069824,0.13392846897022995,0.4215915976890877,-0.011251655953546416
0.8170974736751534,0.16347749862787758,0.6301054688761674,0.5956801239473538,0.577075930497772,0.4049194316951336,0.5411776302585395,0.328100991788163,0.7389606215930399,0.7538460319566053,0.19221660614143923,0.20549119987123232,0.298487343692371,0.2789346658650834,-0.16445314389634416,-0.22502273065642275,0.5334043770474318,0.17983932059207872,0.4201809057593622,0.7434347522535859,0.3647159742010311,-0.3249659308174169,-0.146465317439866,-0.009047131949410802,-0.5740881717639303,-0.6690022503676128,-0.7589227824719434,-0.07719542883893217,-0.1803494381520424,-0.4129213929574633,0.8710022363858797,0.11994463177751219,0.3327616175397739,0.26016600292866315,0.5344333317826063,0.11328423445878341,0.3565448363594826,-0.5655109887560931,-0.2007917144978642,-0.2132305979911114,-0.6846045718591193,0.050589894944618616,-1.1349963698378618,-0.1802895189419415,-0.9896256830726738,-0.4148583890827632,-0.627711138672331,-0.6786088908134815,-0.515531498939181,-0.589565534470771
0.9068906212905915,0.7667718328641814,0.20557082572093416,0.8271455235358453,0.5379444931811127,-0.08591643584340342,-0.020473375396640944,-0.3298454005513341,-0.32191953881307095,-1.3354699213942107,-1.8110897049409111,-1.3785006268914952,-1.611436780135967,-1.7437675363129006,-1.5537446995740896,-1.9558874465915312,-1.963256248601038,-1.3242176108119317,-1.455608690551795,-1.5319325367296484,-1.110854922159992,-1.4573141939230212,-1.4434208080506592,-1.2471176279282792,-2.3244241380067727,-1.5062176886748464,-1.111608826971743,-0.5216648577283778,-0.05695533581912633,-0.5084678730147648,-1.3507917866092474,-1.1248201694957671,-1.1385493450942448,-1.5259700125612319,-1.9467063433233427,-1.5121138406035426,-1.313081848132133,-1.1600384500256258,-1.579984970910651,-1.3159132737741097,-1.5385449394040267,-1.6252706171153426,-0.8537657085913571,-0.9911307202768491,-1.0798280678217618,-1.5449233309990038,-1.4243957950049304,-0.9156362667485559,-1.9797622301698776,-0.7396176051868077
-1.2914149102831962,-1.034518158077221,-1.0094406021020226,-1.4050890377058585,-1.1921672078445402,-0.4691788391152695,-0.20185196211016856,-0.12106381107929486,0.40759862030141936,0.9405723290664888,0.37418707544188035,0.6700641359689055,0.7324035943148799,0.13743313546360267,-0.14478015265575012,-0.0522390503438879,0.04317547547326284,-0.3288059318568365,-0.6299831616556016,-0.10817833965915463,-0.34682835263071154,-0.46083483276686676,-0.6606582665415802,-0.15327930145018154,-1.0174411877191754,-1.073206502282835,-1.2917821752242993,-1.09378853926222,-1.724331520283237,-1.1769991467861731,-1.4822736064453168,-1.575664929608608,-1.3841013771998625,-1.1768485361876906,-1.6711335736081439,-2.4713837820402085,-1.8320203921187181,-1.7376571735182298,-1.146997438164315,-1.3769344636550411,-1.0323288939978,-1.957452324279292,-1.6011853919370709,-1.6446433367687288,-2.258436758491977,-0.8057305797823134,-2.1902033776702705,-1.815757098450789,-1.3263238444116467,-1.5061019321775764
-0.9847740717131683,-0.9135701200383989,-0.17317421761607898,-0.7773137868098636,-0.6300698048458163,-1.07733596604441,-0.2280224158357498,-0.268100907238312,-0.26819346921869774,-0.7137574778817631,-0.58693779309069,-0.8926783931247751,-0.7520550622761879,-1.4179573186529983,-0.9339563972347642,-0.41046580389493154,-0.07610057228721905,-0.4048503465038057,0.03709835458731151,-0.5711502616934389,-0.2111828425391358,-0.3044115653160061,0.18586526239330564,-0.35728112254209626,-0.3390767862163044,-0.45205275320432436,-0.5967397243739905,-0.9168893277703237,-0.7357303911501515,-1.0023513658136791,0.07408483408117679,-1.0163312902583326,-1.8991959039055115,-2.0571708046995827,-2.0426322121891762,-1.615276042512839,-1.7149965030322012,-1.1546069347013288,-0.7544764988815492,-0.7457296020307513,-0.6390963414857294,-0.47721474051694157,-0.7688994650851142,-0.8898144548102099,-0.808304863212487,-1.0704086349320503,-0.8643971300430235,-0.7909112528055893,-0.8103005026297548,-0.8860481730185564
1.5034516620789278,1.4480971504389941,1.8324435969843,1.3954470844798086,1.5602488179370946,1.0325926989536627,0.6204681136647958,0.8389062444574357,0.7150903228871177,0.9980537962124127,0.7405939203674643,0.7286628853505859,0.6557552704326306,0.38323934858281106,0.04104974077117713,0.12751119033736463,0.1206341170975398,-0.24266369460535273,0.40418795890523995,0.21399351058208868,0.4997042339500712,0.6810547855186533,0.3804736782369276,0.22919884732876294,0.6278984117897775,0.522869834487501,-0.10918095483280438,0.1137330444976235,0.46130086938382997,0.4903536434757738,0.09574923669410552,-0.2485996234011746,0.12558082163468695,0.2021525953554069,0.03905383467815517,1.010898727473798,1.6192409957870888,1.5273073234053869,1.1261582489347524,1.3245010444429168,1.2496391434567933,0.9570055599737932,1.103879348522445,1.1334214040854538,1.029430233442112,0.9820117491052649,1.3333538565883047,1.7243529747896722,0.9157054501834195,0.9396096391352797
-1.710934800315045,-1.9071509898010754,-1.4763841612957318,-1.6484422152523295,-2.181260986146294,-2.1294161535456206,-1.3566628957883704,-0.9974502144030011,-1.1069296995842544,-0.2179737586427164,-0.30432211398371267,0.02069193832390467,-0.10537511494610065,0.06638698073309546,0.556748573349447,0.2102661378560634,0.15462458665163545,0.7417303382055802,0.06429498910750393,-0.018354348946123585,0.7452349092645628,0.38530158915583695,0.5611940366821067,-0.08671065518683956,0.5815182767403212,0.7873075524268521,0.9788067444210269,1.1200607255029666,0.9618537673653605,-0.058982172523083576,0.282139501103387,-0.2674419614656692,0.03156464697596184,-0.021110667230083043,-0.0038119067511864554,-0.1553465133048642,-0.150419720982766,0.26296867747819863,0.04072868713466781,-0.6222757088271421,-0.14847603843162782,-0.4011613480658263,0.07362110362539638,0.118740395352628,0.09691767189538372,0.036302304282509246,-0.32582651748265645,-0.6009818318428027,-0.21162665805161085,0.5734282040306151
-0.1559389296361012,-0.2851766805554289,-0.2290791838887017,0.22000243597546487,0.12279947369846947,0.43858242862377467,-0.13815364745161327,-0.26035203222619197,-0.47196126408529165,-0.5058489186204957,-0.729980176442561,-1.1506190703388448,-0.5376561883593559,-0.11320967117693866,0.19996845583353434,0.4833256648386708,1.2432090973678553,1.1415784701893958,1.1144967732426472,0.9226209339042075,0.953769432004057,0.8741241607436891,0.9915170164913882,0.5874519952420404,1.2025608784638986,1.561129930433108,1.9974992855787417,0.9532740190058148,0.6054451231197037,0.7895050645173981,0.23909552106905357,-0.0023357939758172075,0.3452940201578951,0.6057937659654685,0.8933967597685245,0.4230316464163832,0.6470174974754755,0.5810122506501441,1.1243108748705735,0.7526482125809337,1.6938156045594288,1.2119488173316444,1.5163010885120254,1.27297410850415,1.7051911864889109,1.2414937309760072,1.644326944672147,1.3766491907643597,1.45391696354992,0.970134199258109
1.5388783262566204,1.747610121911823,1.3027262922599878,1.2007966965524532,0.9177829992749792,0.9498711966515905,1.1278874730620065,0.3609224415684043,0.36162416239437045,0.09505189027980888,0.34856347355026934,0.3300648901112109,0.4575784636232212,0.7959358395147752,0.574954933185146,0.011674665356893038,-0.005928835138993275,-0.02361413989630163,0.24641342789712348,-0.14998340290032663,0.1145078444789862,0.12855140035171603,0.026883741546993235,-0.0008353437342669299,0.19543370315140052,0.18476359009980273,0.5149202020986391,0.26970079435090805,0.3632990495409618,0.4244658269640815,0.9932819694463375,0.9019409023102282,0.4066055548698919,-0.7321955312302101,-0.3958128293214191,-0.8444778019632049,-0.7178361087079247,0.0012855601509514736,-0.30464620683984817,-0.07479983002671269,0.2954704139673521,0.3816215364771017,0.13826541752032595,0.691612258543116,-0.5969463635928397,0.3210181079728366,-0.010839373213393969,0.09667414395429638,-0.14303079314161368,-0.07135650721641049
1.31718084195848,1.0171863206103873,1.4137599183480374,1.2934403433299242,1.1613809658115306,1.8348540574504648,1.4246227885873366,1.1453434318205737,1.4791814288317775,1.5944522080045604,1.605079612377733,1.737290997429638,0.3034855325738555,0.08893332670243038,0.1501648299885051,-0.4860005349939154,0.5200183680700928,-0.25049377064244327,-0.05259573542049113,0.06603508691074471,-0.6571504842916583,-0.32880647135145386,0.026176305783874424,0.021260720385466437,-0.4133578963575122,-0.1095682736797142,-0.4180085628622084,0.5802744394354649,1.0857374705397969,1.3286675695749854,0.5685047021302986,0.5780924202443115,1.0829761141794563,0.784747795285439,0.4660648658408259,-0.126781410778556,0.2838416423198305,0.36021143347031587,-0.28867948969442864,-0.20734744148104264,-1.0277906579209168,-0.8641587817836892,-0.8859721502178897,-1.5006166815057635,-0.5687635819696031,-0.9053220410715583,-0.7363008553736732,-0.3209169079537532,-0.9480474632740219,-0.6607670495881354
0.4105831109015543,0.4940069284207702,0.8265721731354783,1.0704818248471977,0.9176066784409098,0.5207120496650169,0.6275742680333517,0.41751767379730703,0.21596858414811232,0.28587202402075584,0.11212490817631779,-0.015352729815035927,-0.13458693406662087,1.0534668144542947,0.8007704944758465,0.3855967144722426,0.09184705280229923,0.6767136984039389,0.5507601554426724,-0.07818515250759839,-0.1671616337888991,-0.4803366189657886,-0.09344649625104974,0.5973362754406274,0.5844850485050199,0.8250628573763022,0.37348136189746534,0.2144099997279741,-0.25488183227495953,-0.10014965941137083,-0.05564590886405224,0.025860398231984494,-0.3276356534086759,-0.37297956030024493,-0.25491019825181155,0.045201895291640454,-0.26303483648541653,-0.4287583006706019,-0.3253615295996196,-0.1843543253714235,-0.11826224017009555,0.008392618030984829,0.43414674051130236,-0.06426626650219339,-0.6438478695634611,0.13990245398790752,0.5229499646821789,-0.2989894260758533,-0.04696641491101031,0.4348521172807454
-2.5851871150860397,-2.58535480283465,-2.2592488729799536,-1.7227287227708095,-1.416447136871476,-1.7131530130033332,-2.4094094068362213,-2.4305162712791923,-2.7337241979989124,-2.62681283533304,-2.329355977879951,-2.36033420840939,-1.4066596036925465,-1.2247259390449767,-0.7542012314088534,-0.8796834111584518,-0.9614116774456022,-1.4461719283703767,-1.1252967849681668,-0.9287977295934853,-0.8638173414582844,-0.7507007980689624,-0.6958773503039565,-1.0795413641380744,-1.1719966693332156,-1.0475377922330984,-1.067484193636671,-1.7900949543486824,-2.2197458389482803,-2.2028900831846308,-2.39089053854422,-1.8917396836367153,-1.3172894265491693,-1.6393447175041027,-1.9953843220295642,-1.896064885560594,-1.5083352185491545,-1.3019408421259389,-1.6510532726818097,-2.1951216784729355,-2.0043539987339636,-2.1071670425797953,-1.5649601608312236,-1.3596223149167606,-1.054862212639312,-1.5931139561757317,-1.1502376610298939,-1.9345714055414123,-1.4073718772222492,-1.3309792453930842
0.4772894967396396,0.3433295165793446,0.34548580268381907,1.0511641714643731,0.7362678372817144,1.0510059618472636,0.7750866543564537,0.14933901177065503,0.5230547054066066,0.4636652421775236,-0.0469501620775167,0.16148439208678633,-0.010588906197609863,-1.0276080849477551,-1.5014015441377715,-1.0345435279887891,-0.3157106347991266,-0.5093194297476837,-0.2558361626747524,-0.26416286711900117,-0.3111218487841252,-0.45761877376993615,-0.26918093117710934,-0.4713814099583933,-0.05571195952646982,-0.3955836545431872,-0.21800550068272195,-0.11368602098363277,-0.46626938970277115,-0.836887279917227,-0.6163260844303601,-0.2483958893806239,-0.3799524304331483,-0.8804578774113341,-0.9369844070220987,-0.8515438512657819,-0.8770665150380007,-0.7977709759259541,-0.07496749548892265,-0.0828232493486352,0.31073278893662337,0.0656106837487727,0.18149207263054257,0.46706148451027857,0.3581718672236255,-0.07378568065310982,0.1325340892447819,0.4830893876800692,0.6405743510173166,0.3332431526418993
0.8483923950533921,0.27040270877250633,0.10636195050177828,-0.11836128563269152,-0.24721758082974982,0.12068052880835732,0.20647388310963832,0.4991444516757339,0.2643624505639733,-0.003142328898414687,0.15766451853824454,-0.4882097700720781,-0.8530664499971592,-0.8684577260562016,-0.18247605634232686,-0.08179261578549,0.10296336491103664,-0.2560801241777914,0.48203562614437795,0.2142957429055871,0.04572984742794432,0.37129008396800045,0.6638359764158165,0.12036934909195658,0.7766079446575256,0.05830514463204559,-0.4980930023461453,-0.46389203992034445,0.14544161575937398,0.9854248566470935,1.415662048968988,2.3963738330633633,1.7212382762932081,0.9210587995352097,1.8717357167270838,2.031004339209504,2.2164274805243687,1.4471026491270513,1.8262410443397077,1.3973363249353576,0.8399790922554222,0.735686157701551,0.7919919776435906,0.966344098184164,0.8044356742928335,1.1019275647784545,0.7368644733126287,0.844145956792453,1.1660314924964574,1.066801392182639
-0.11768244046260291,-0.682660759021528,-0.43992396409725787,-0.39971371697921837,-0.1476435214285021,-0.048455886600385044,0.44866016785173424,0.5017138524738048,0.39659940151368556,0.4366282105483694,-0.04762791260301292,0.5129713873588736,0.6407292829278578,0.8013192488763549,0.7215575416257612,0.6241922980810504,0.8732537009974314,0.4257963378854399,1.352967574653692,0.6256592424767653,0.3859450065432246,0.940368257987875,0.9659726626643494,0.5013860174639355,0.6504393894179157,0.6032011820949224,0.11973270968532322,0.8623155004647812,0.13925223278587304,-0.5961688547359847,-0.7468259034653173,-0.20847191539342108,-0.4354224217168265,-0.35055700722814315,-0.3872557516038504,-0.7792960053884062,-0.5919492021069291,-0.7120660560596648,-0.44799059236423927,-0.2821446097626468,-0.5572825847679914,-0.0475750330916684,-0.6288774490091305,-0.33228693311538693,-0.7623082118945886,-0.8784753995403595,-0.7592924531206856,-0.13788219231249113,-0.5735576236097298,-0.42294748224434875
0.34196955173846055,-0.2774967845841465,-0.3395899020090542,-0.8801541737056956,-0.45915755198642966,-0.06327412453196742,0.3828394528863231,0.9259351116870043,0.9836269966798157,0.6681406788065402,0.2974919843576984,1.6086859930340303,0.9787591944368549,1.1489084549261104,1.3804102778998277,1.8921736975468406,2.1995096948393025,0.9854201489888641,1.0654403096162341,1.3032324498421564,0.9086926576025433,1.1450241567854722,0.8744510377398967,0.9487928521707055,0.7461834408636526,0.7438767578850205,0.9405532396513063,1.2138005661943774,0.9057158865043636,0.3168158415426551,-0.45723466681975133,-0.6718025800830938,-0.7182128179230414,-0.26951880892439084,-0.07666479095552704,0.9167244004712043,1.6520392327413749,1.086874458016053,1.6674920259991053,1.5441035966281909,1.0698906022572916,1.420652692687076,1.3013843964721814,1.4972803041391525,1.3648380070570165,1.6556715991913087,1.1598079940468582,1.7308776691376544,1.766641352559721,1.2715048012742614
-0.27288398870509295,-0.27443844819887514,-0.25779241069059045,0.5982445294588945,0.1042987195342601,0.2439067007902378,0.3408249015727576,0.3639702511159085,-0.049116181617323645,-0.654437827865556,-1.2320431661326114,-1.2969317130838995,-1.8200834206943188,-2.271694347448826,-2.360257456417889,-1.1693754531707776,-0.7474448709745716,-0.3895289394058761,-1.3193492877116018,-0.11199369656103055,-1.1275016747461577,0.011235440866386977,-0.3603792957762872,-0.4246941555834669,-0.8391663150966544,-0.7376825744551215,-0.3017019824735628,-0.4707158005247415,0.4564053347596617,0.6443440565729155,-0.030494287067722312,-0.11588203786738789,-0.17721863022158316,-0.8836490629861091,-0.5533279309193448,-0.48558142842110097,-0.009849541992173232,0.32696358011305,-0.13834367560860542,0.20371540579858147,0.6411416428708946,0.4355046817282363,-0.28417155117023946,-0.1556839163414231,0.0022562302640322463,-0.679420159429222,0.0113396110402178,-0.38684821256690777,-0.32990726303659323,-0.25808124611175914
-0.8775570985768851,-0.2862605252974514,-0.5158883491501111,-1.132891393010264,-1.3217008959147216,-0.7235205588612392,-1.0119225980109716,-0.803996075624234,-0.9790213482628767,-0.9069199354375126,-1.09467541052138,-0.8397977463908297,-0.591011781179966,-0.8977510909118913,-0.1114284163611964,-0.04103551520314523,0.22774759812784004,-0.12277109099076797,0.39695648270862527,0.08044504132597388,-0.2607624881138033,-0.34033009685037097,-0.1538767698898498,-0.86907176559413,-0.5413976072458426,-0.6294716749223641,-1.5414625770920947,-1.907956540131165,-2.0389680359140585,-2.5814443983779296,-2.8413884415704316,-2.9420977662980805,-2.341849932601232,-2.370999964582597,-2.0177728965715525,-1.6420757321121804,-1.8031222156562565,-1.7762361079558477,-1.289426766470915,-1.3502744666870037,-1.2337966188441116,-1.39955482377212,-1.191171772970783,-0.9065098354779286,-1.6186270251353694,-1.5324185776416623,-0.6017490371474359,-0.8907225200190941,-1.5361570684396035,-1.7564452788456788
-0.7819319210073173,0.5263272578037049,0.004961869148660194,-0.00048652944322262297,-0.6832355511144301,-1.3527292045343284,-1.1137217044402095,-1.0997983837905054,-0.8376224104911523,-0.8937092611692413,-1.000625067771703,-0.6668549565549898,-0.45977847790878495,-0.049383017981069054,0.41425334881936,0.7298680249830587,0.31314443301807254,0.2740838749672142,0.6101733221185388,0.16257078691110247,-0.2881747499382002,0.06479721082984566,0.04525622579469657,-0.012770652567763574,-0.4447319644340542,-0.6918392852899273,-1.157237493928079,-1.5266642513324193,-2.629092697484138,-3.3541272656170635,-3.033041844567664,-2.619162847835486,-1.987381592271091,-2.325633353830534,-2.454760523089531,-2.0046026866768547,-2.174583654909187,-1.9278375387854099,-2.3052431651069965,-2.5088797709114017,-2.1852004829928564,-2.4589473317728925,-2.480622318133515,-2.211424462147513,-2.664308563382928,-2.276019729072961,-2.6232574668519195,-2.2221464638778885,-2.6034924814332667,-2.241281192269608
-1.6909801907598059,-0.8560060974847854,-0.5667105162523499,-0.5960655219258063,-0.362624218496364,-0.800609916199789,-1.0154926696322426,-0.28554621423344956,0.40683356226661926,0.2919961791213452,-0.506660197765786,0.45645394604133466,-0.18620610996379997,-0.9597453076037809,-1.043446549516548,-1.4245275317627022,-1.409905557379579,-1.7778613309013156,-1.2801863072331854,-1.2241545977152588,-0.7284853478147457,-1.0812686041262873,-1.5954963627380978,-1.069938296372827,-1.9033031916874723,-1.4538659559268696,-1.5109145802252892,-1.3190945304414516,-1.2053993480231278,-0.20648567833602902,-0.8824933266800827,-1.6895825514442455,-2.384946249790171,-1.370431753836776,-1.0759753808094172,-0.8446797743463934,-0.26957530085628584,-0.08992510797846971,0.531166218267382,-0.25279519333485945,-0.43419842003833115,0.03336449965428295,0.17401995370408213,0.40302713181556005,0.7186948005941753,0.1555097140399558,1.0381913757190204,0.6839716755127107,0.6877508728662303,0.07585711372618723
1.7198835910842194,1.6231187214985325,1.5725377807362184,1.515877185755845,0.5778800523208605,-0.1667848578947936,-0.41665311944881867,-0.5947021008648944,0.011909520144631886,-0.3292480700629682,0.05965680713633652,0.7973288664713944,-0.026611754969630405,-0.22537224863359676,-0.8854351786599424,-0.8610638683582158,-0.7911743927321576,-0.9417708465236833,-1.1549225063497537,-1.064106975436291,-0.9166839862262198,-0.841400116954001,-0.7669530977081366,-0.46134710393638495,-0.2319013163826872,-0.31030490173610487,-0.5847367850597734,-0.06516780957839671,0.08684232850265744,0.173126442893141,-0.001429066893908533,0.383365488602588,1.0686618503458918,1.2622499012463753,1.4671208394216788,1.4708444085109287,1.2330683483772418,0.7647580057600997,0.5936020926071904,0.5193547877099369,0.38022305934590955,0.333834587681224,0.43644045238673235,0.6309970578570231,0.2767593260795109,-0.1663899704178524,-0.8949269233605489,0.012993965221926472,-0.5897537272038429,-0.36951860998245484
0.10065722508407944,-0.2068701495204702,-0.421639293296337,-0.8013150393291342,-0.6225338894003943,-0.7142965159110101,-1.3105966806511762,-1.129203304728665,-0.8272197247444755,-0.29206978559944313,-0.20022057430452952,0.8053915453789613,0.49491214420587654,0.49440929713706727,1.0024293425843407,0.4766548397877021,0.23772899102210676,-0.1102289933532991,0.025460414259202986,0.05108817638496594,-0.5458556397666194,0.5787715190942356,0.3747402611592143,0.4405392412106333,0.36840459584143775,0.6393699617138131,0.5237196426496378,-0.08183373435272243,0.25009390010199156,0.346210005545385,-0.10525311440132427,0.4494465884739992,-0.21825450647135972,-0.19494985322254862,-0.16228203430278929,-0.3813935187133112,-0.43852742392778943,-0.0840018129913521,-0.8411144588078768,-0.5605054452996369,-0.3413567232724784,-0.6148294703779981,-0.3666388443186818,0.8362889777953205,-0.23089444632863446,-0.11353690673348811,0.3785347153756572,0.563065498369841,0.4697268804290148,0.7675157591615528
-1.197182248912589,-0.7962381321324037,-1.7602988405696245,-1.1780344830229195,-0.13969861079379928,-0.9019593527753068,-0.5734454191980349,-0.6172327902480148,-0.1302083658204733,0.16599687250542172,0.5991471338458536,-0.16343654386972312,0.2651833431824426,0.38133854393394007,0.6536445208072411,1.6736352416208808,1.7158505473929848,0.9350369199124248,1.0398495757753208,1.192871454931008,1.0737018281461448,0.5086359818376998,1.756973693773595,1.4999721287592949,1.8836781748513964,1.6757780028010474,1.0218442072747789,1.241254946642016,1.4812307639356064,2.1050785915971115,2.0634218720122655,3.076789350199347,2.744934068729509,2.4309028027056665,1.4296315619951143,1.5795171946986946,0.9103224704278196,0.41950797499057957,0.08871329547078699,0.06352347557413342,-0.10624364204060555,-0.047348422434001544,0.18570646979716604,0.07322809245109545,-0.2145176940044448,0.7031725054100263,0.03606956180586364,0.17579014239711105,-0.051424052958111775,0.5975897081389795
